Manufacturer	Heron Instruments
Device	bar-Log 128+
Logger ID	A16040
Project	APT PUMP TESTING
Deployment	CSDW20 - SDT (2)
Location	Unavailable
Number of Readings	1,508
Time Zone	Lusaka (CAT 2:00)
Export Timestamp	11/21/2025 9:37:54
	
No	Date	Total Pressure (mH2O)	Temperature (°C)
1	11/20/2025 8:27:18	8.7933	21.281
2	11/20/2025 8:28:00	8.7913	21.477
3	11/20/2025 8:29:00	8.7923	21.492
4	11/20/2025 8:30:00	8.7923	21.367
5	11/20/2025 8:31:00	8.7933	21.242
6	11/20/2025 8:32:00	8.7943	21.094
7	11/20/2025 8:33:00	8.7933	20.969
8	11/20/2025 8:34:00	8.7943	20.875
9	11/20/2025 8:35:00	8.7943	20.750
10	11/20/2025 8:36:00	8.7954	20.672
11	11/20/2025 8:37:00	8.7954	20.594
12	11/20/2025 8:38:00	8.7943	20.516
13	11/20/2025 8:39:00	8.7933	20.461
14	11/20/2025 8:40:00	8.7943	20.414
15	11/20/2025 8:41:00	8.7943	20.391
16	11/20/2025 8:42:00	8.7943	20.375
17	11/20/2025 8:43:00	8.7954	20.344
18	11/20/2025 8:44:00	8.7943	20.344
19	11/20/2025 8:45:00	8.7954	20.422
20	11/20/2025 8:46:00	8.7943	20.508
21	11/20/2025 8:47:00	8.7943	20.594
22	11/20/2025 8:48:00	8.7933	20.641
23	11/20/2025 8:49:00	8.7943	20.680
24	11/20/2025 8:50:00	8.7943	20.711
25	11/20/2025 8:51:00	8.7943	20.750
26	11/20/2025 8:52:00	8.7943	20.781
27	11/20/2025 8:53:00	8.7943	20.789
28	11/20/2025 8:54:00	8.7943	20.766
29	11/20/2025 8:55:00	8.7943	20.750
30	11/20/2025 8:56:00	8.7933	20.789
31	11/20/2025 8:57:00	8.7943	20.828
32	11/20/2025 8:58:00	8.7943	20.891
33	11/20/2025 8:59:00	8.7943	20.906
34	11/20/2025 9:00:00	8.7954	20.891
35	11/20/2025 9:01:00	8.7943	20.891
36	11/20/2025 9:02:00	8.7943	20.891
37	11/20/2025 9:03:00	8.7954	20.906
38	11/20/2025 9:04:00	8.7954	20.898
39	11/20/2025 9:05:00	8.7954	20.852
40	11/20/2025 9:06:00	8.7954	20.813
41	11/20/2025 9:07:00	8.7954	20.797
42	11/20/2025 9:08:00	8.7943	20.813
43	11/20/2025 9:09:00	8.7954	20.789
44	11/20/2025 9:10:00	8.7954	20.766
45	11/20/2025 9:11:00	8.7943	20.789
46	11/20/2025 9:12:00	8.7943	20.828
47	11/20/2025 9:13:00	8.7943	20.891
48	11/20/2025 9:14:00	8.7954	20.891
49	11/20/2025 9:15:00	8.7954	20.852
50	11/20/2025 9:16:00	8.7954	20.836
51	11/20/2025 9:17:00	8.7954	20.828
52	11/20/2025 9:18:00	8.7954	20.820
53	11/20/2025 9:19:00	8.7954	20.781
54	11/20/2025 9:20:00	8.7954	20.742
55	11/20/2025 9:21:00	8.7954	20.781
56	11/20/2025 9:22:00	8.7954	20.781
57	11/20/2025 9:23:00	8.7954	20.789
58	11/20/2025 9:24:00	8.7954	20.820
59	11/20/2025 9:25:00	8.7954	20.797
60	11/20/2025 9:26:00	8.7954	20.758
61	11/20/2025 9:27:00	8.7954	20.734
62	11/20/2025 9:28:00	8.7954	20.734
63	11/20/2025 9:29:00	8.7954	20.742
64	11/20/2025 9:30:00	8.7943	20.750
65	11/20/2025 9:31:00	8.7954	20.773
66	11/20/2025 9:32:00	8.7954	20.773
67	11/20/2025 9:33:00	8.7954	20.742
68	11/20/2025 9:34:00	8.7943	20.773
69	11/20/2025 9:35:00	8.7943	20.805
70	11/20/2025 9:36:00	8.7943	20.859
71	11/20/2025 9:37:00	8.7943	20.922
72	11/20/2025 9:38:00	8.7954	20.945
73	11/20/2025 9:39:00	8.7954	20.984
74	11/20/2025 9:40:00	8.7933	21.023
75	11/20/2025 9:41:00	8.7933	21.039
76	11/20/2025 9:42:00	8.7943	21.078
77	11/20/2025 9:43:00	8.7933	21.094
78	11/20/2025 9:44:00	8.7943	21.070
79	11/20/2025 9:45:00	8.7943	21.023
80	11/20/2025 9:46:00	8.7933	21.023
81	11/20/2025 9:47:00	8.7933	21.055
82	11/20/2025 9:48:00	8.7933	21.141
83	11/20/2025 9:49:00	8.7933	21.188
84	11/20/2025 9:50:00	8.7933	21.273
85	11/20/2025 9:51:00	8.7923	21.375
86	11/20/2025 9:52:00	8.7933	21.492
87	11/20/2025 9:53:00	8.7923	21.578
88	11/20/2025 9:54:00	8.7913	21.695
89	11/20/2025 9:55:00	8.7923	21.813
90	11/20/2025 9:56:00	8.7913	21.789
91	11/20/2025 9:57:00	8.7913	21.750
92	11/20/2025 9:58:00	8.7913	21.727
93	11/20/2025 9:59:00	8.7923	21.711
94	11/20/2025 10:00:00	8.7913	21.703
95	11/20/2025 10:01:00	8.7913	21.734
96	11/20/2025 10:02:00	8.7913	21.797
97	11/20/2025 10:03:00	8.7923	21.852
98	11/20/2025 10:04:00	8.7913	21.875
99	11/20/2025 10:05:00	8.7903	21.898
100	11/20/2025 10:06:00	8.7913	21.898
101	11/20/2025 10:07:00	8.7913	21.867
102	11/20/2025 10:08:00	8.7923	21.789
103	11/20/2025 10:09:00	8.7913	21.766
104	11/20/2025 10:10:00	8.7913	21.773
105	11/20/2025 10:11:00	8.7913	21.813
106	11/20/2025 10:12:00	8.7903	21.867
107	11/20/2025 10:13:00	8.7903	21.906
108	11/20/2025 10:14:00	8.7903	21.922
109	11/20/2025 10:15:00	8.7903	21.867
110	11/20/2025 10:16:00	8.7913	21.820
111	11/20/2025 10:17:00	8.7913	21.781
112	11/20/2025 10:18:00	8.7913	21.797
113	11/20/2025 10:19:00	8.7903	21.867
114	11/20/2025 10:20:00	8.7903	21.922
115	11/20/2025 10:21:00	8.7903	21.969
116	11/20/2025 10:22:00	8.7903	21.992
117	11/20/2025 10:23:00	8.7913	21.992
118	11/20/2025 10:24:00	8.7903	22.039
119	11/20/2025 10:25:00	8.7913	22.070
120	11/20/2025 10:26:00	8.7903	22.078
121	11/20/2025 10:27:00	8.7903	22.047
122	11/20/2025 10:28:00	8.7913	22.055
123	11/20/2025 10:29:00	8.7903	22.109
124	11/20/2025 10:30:00	8.7903	22.141
125	11/20/2025 10:31:00	8.7903	22.188
126	11/20/2025 10:32:00	8.7903	22.250
127	11/20/2025 10:33:00	8.7892	22.297
128	11/20/2025 10:34:00	8.7892	22.359
129	11/20/2025 10:35:00	8.7892	22.367
130	11/20/2025 10:36:00	8.7903	22.305
131	11/20/2025 10:37:00	8.7903	22.250
132	11/20/2025 10:38:00	8.7892	22.219
133	11/20/2025 10:39:00	8.7903	22.164
134	11/20/2025 10:40:00	8.7903	22.141
135	11/20/2025 10:41:00	8.7892	22.164
136	11/20/2025 10:42:00	8.7892	22.219
137	11/20/2025 10:43:00	8.7882	22.250
138	11/20/2025 10:44:00	8.7882	22.383
139	11/20/2025 10:45:00	8.7882	22.539
140	11/20/2025 10:46:00	8.7872	22.695
141	11/20/2025 10:47:00	8.7862	22.836
142	11/20/2025 10:48:00	8.7872	22.938
143	11/20/2025 10:49:00	8.7862	23.000
144	11/20/2025 10:50:00	8.7872	23.125
145	11/20/2025 10:51:00	8.7852	23.305
146	11/20/2025 10:52:00	8.7852	23.430
147	11/20/2025 10:53:00	8.7852	23.609
148	11/20/2025 10:54:00	8.7852	23.648
149	11/20/2025 10:55:00	8.7841	23.680
150	11/20/2025 10:56:00	8.7841	23.758
151	11/20/2025 10:57:00	8.7841	23.914
152	11/20/2025 10:58:00	8.7841	24.070
153	11/20/2025 10:59:00	8.7831	24.133
154	11/20/2025 11:00:00	8.7831	24.227
155	11/20/2025 11:01:00	8.7821	24.305
156	11/20/2025 11:02:00	8.7821	24.297
157	11/20/2025 11:03:00	8.7831	24.305
158	11/20/2025 11:04:00	8.7831	24.383
159	11/20/2025 11:05:00	8.7821	24.445
160	11/20/2025 11:06:00	8.7821	24.547
161	11/20/2025 11:07:00	8.7811	24.656
162	11/20/2025 11:08:00	8.7821	24.703
163	11/20/2025 11:09:00	8.7801	24.797
164	11/20/2025 11:10:00	8.7801	24.938
165	11/20/2025 11:11:00	8.7801	25.000
166	11/20/2025 11:12:00	8.7801	24.883
167	11/20/2025 11:13:00	8.7811	24.672
168	11/20/2025 11:14:00	8.7811	24.578
169	11/20/2025 11:15:00	8.7811	24.594
170	11/20/2025 11:16:00	8.7811	24.570
171	11/20/2025 11:17:00	8.7811	24.539
172	11/20/2025 11:18:00	8.7811	24.516
173	11/20/2025 11:19:00	8.7821	24.500
174	11/20/2025 11:20:00	8.7811	24.547
175	11/20/2025 11:21:00	8.7811	24.586
176	11/20/2025 11:22:00	8.7811	24.602
177	11/20/2025 11:23:00	8.7821	24.570
178	11/20/2025 11:24:00	8.7801	24.563
179	11/20/2025 11:25:00	8.7811	24.563
180	11/20/2025 11:26:00	8.7801	24.602
181	11/20/2025 11:27:00	8.7791	24.625
182	11/20/2025 11:28:00	8.7811	24.641
183	11/20/2025 11:29:00	8.7801	24.695
184	11/20/2025 11:30:00	8.7801	24.656
185	11/20/2025 11:31:00	8.7811	24.539
186	11/20/2025 11:32:00	8.7801	24.484
187	11/20/2025 11:33:00	8.7791	24.445
188	11/20/2025 11:34:00	8.7801	24.477
189	11/20/2025 11:35:00	8.7801	24.539
190	11/20/2025 11:36:00	8.7791	24.609
191	11/20/2025 11:37:00	8.7791	24.570
192	11/20/2025 11:38:00	8.7801	24.484
193	11/20/2025 11:39:00	8.7801	24.406
194	11/20/2025 11:40:00	8.7801	24.328
195	11/20/2025 11:41:00	8.7811	24.234
196	11/20/2025 11:42:00	8.7811	24.141
197	11/20/2025 11:43:00	8.7811	24.117
198	11/20/2025 11:44:00	8.7801	24.109
199	11/20/2025 11:45:00	8.7801	24.172
200	11/20/2025 11:46:00	8.7801	24.266
201	11/20/2025 11:47:00	8.7811	24.313
202	11/20/2025 11:48:00	8.7801	24.313
203	11/20/2025 11:49:00	8.7780	24.305
204	11/20/2025 11:50:00	8.7801	24.258
205	11/20/2025 11:51:00	8.7801	24.227
206	11/20/2025 11:52:00	8.7791	24.242
207	11/20/2025 11:53:00	8.7801	24.250
208	11/20/2025 11:54:00	8.7801	24.281
209	11/20/2025 11:55:00	8.7791	24.352
210	11/20/2025 11:56:00	8.7791	24.367
211	11/20/2025 11:57:00	8.7780	24.422
212	11/20/2025 11:58:00	8.7791	24.438
213	11/20/2025 11:59:00	8.7801	24.406
214	11/20/2025 12:00:00	8.7791	24.328
215	11/20/2025 12:01:00	8.7791	24.266
216	11/20/2025 12:02:00	8.7801	24.250
217	11/20/2025 12:03:00	8.7780	24.219
218	11/20/2025 12:04:00	8.7791	24.133
219	11/20/2025 12:05:00	8.7791	24.109
220	11/20/2025 12:06:00	8.7791	24.047
221	11/20/2025 12:07:00	8.7791	24.055
222	11/20/2025 12:08:00	8.7791	24.094
223	11/20/2025 12:09:00	8.7791	24.117
224	11/20/2025 12:10:00	8.7791	24.109
225	11/20/2025 12:11:00	8.7780	24.141
226	11/20/2025 12:12:00	8.7791	24.156
227	11/20/2025 12:13:00	8.7780	24.094
228	11/20/2025 12:14:00	8.7780	23.984
229	11/20/2025 12:15:00	8.7791	23.867
230	11/20/2025 12:16:00	8.7791	23.766
231	11/20/2025 12:17:00	8.7791	23.680
232	11/20/2025 12:18:00	8.7801	23.625
233	11/20/2025 12:19:00	8.7801	23.617
234	11/20/2025 12:20:00	8.7780	23.633
235	11/20/2025 12:21:00	8.7780	23.633
236	11/20/2025 12:22:00	8.7780	23.672
237	11/20/2025 12:23:00	8.7780	23.734
238	11/20/2025 12:24:00	8.7780	23.773
239	11/20/2025 12:25:00	8.7780	23.711
240	11/20/2025 12:26:00	8.7780	23.727
241	11/20/2025 12:27:00	8.7770	23.758
242	11/20/2025 12:28:00	8.7780	23.719
243	11/20/2025 12:29:00	8.7780	23.641
244	11/20/2025 12:30:00	8.7780	23.641
245	11/20/2025 12:31:00	8.7770	23.641
246	11/20/2025 12:32:00	8.7770	23.641
247	11/20/2025 12:33:00	8.7760	23.695
248	11/20/2025 12:34:00	8.7760	23.789
249	11/20/2025 12:35:00	8.7760	23.781
250	11/20/2025 12:36:00	8.7760	23.828
251	11/20/2025 12:37:00	8.7760	23.859
252	11/20/2025 12:38:00	8.7760	23.867
253	11/20/2025 12:39:00	8.7750	23.906
254	11/20/2025 12:40:00	8.7760	23.891
255	11/20/2025 12:41:00	8.7740	23.930
256	11/20/2025 12:42:00	8.7740	23.992
257	11/20/2025 12:43:00	8.7740	24.063
258	11/20/2025 12:44:00	8.7740	24.055
259	11/20/2025 12:45:00	8.7760	23.961
260	11/20/2025 12:46:00	8.7750	23.836
261	11/20/2025 12:47:00	8.7750	23.719
262	11/20/2025 12:48:00	8.7740	23.648
263	11/20/2025 12:49:00	8.7740	23.664
264	11/20/2025 12:50:00	8.7740	23.688
265	11/20/2025 12:51:00	8.7740	23.656
266	11/20/2025 12:52:00	8.7729	23.594
267	11/20/2025 12:53:00	8.7729	23.531
268	11/20/2025 12:54:00	8.7729	23.477
269	11/20/2025 12:55:00	8.7729	23.453
270	11/20/2025 12:56:00	8.7729	23.422
271	11/20/2025 12:57:00	8.7719	23.453
272	11/20/2025 12:58:00	8.7709	23.508
273	11/20/2025 12:59:00	8.7709	23.602
274	11/20/2025 13:00:00	8.7709	23.719
275	11/20/2025 13:01:00	8.7709	23.828
276	11/20/2025 13:02:00	8.7699	23.906
277	11/20/2025 13:03:00	8.7699	23.992
278	11/20/2025 13:04:00	8.7699	24.055
279	11/20/2025 13:05:00	8.7689	24.148
280	11/20/2025 13:06:00	8.7678	24.242
281	11/20/2025 13:07:00	8.7668	24.289
282	11/20/2025 13:08:00	8.7678	24.352
283	11/20/2025 13:09:00	8.7668	24.445
284	11/20/2025 13:10:00	8.7668	24.516
285	11/20/2025 13:11:00	8.7668	24.539
286	11/20/2025 13:12:00	8.7658	24.602
287	11/20/2025 13:13:00	8.7648	24.695
288	11/20/2025 13:14:00	8.7648	24.820
289	11/20/2025 13:15:00	8.7648	24.945
290	11/20/2025 13:16:00	8.7648	25.016
291	11/20/2025 13:17:00	8.7668	25.039
292	11/20/2025 13:18:00	8.7648	25.016
293	11/20/2025 13:19:00	8.7648	24.992
294	11/20/2025 13:20:00	8.7648	24.945
295	11/20/2025 13:21:00	8.7638	24.977
296	11/20/2025 13:22:00	8.7638	25.047
297	11/20/2025 13:23:00	8.7648	25.078
298	11/20/2025 13:24:00	8.7648	25.055
299	11/20/2025 13:25:00	8.7638	25.047
300	11/20/2025 13:26:00	8.7648	25.039
301	11/20/2025 13:27:00	8.7648	24.945
302	11/20/2025 13:28:00	8.7638	24.945
303	11/20/2025 13:29:00	8.7638	24.945
304	11/20/2025 13:30:00	8.7638	24.930
305	11/20/2025 13:31:00	8.7638	24.906
306	11/20/2025 13:32:00	8.7638	24.914
307	11/20/2025 13:33:00	8.7627	24.977
308	11/20/2025 13:34:00	8.7627	25.055
309	11/20/2025 13:35:00	8.7617	25.117
310	11/20/2025 13:36:00	8.7617	25.180
311	11/20/2025 13:37:00	8.7617	25.266
312	11/20/2025 13:38:00	8.7627	25.336
313	11/20/2025 13:39:00	8.7617	25.398
314	11/20/2025 13:40:00	8.7617	25.422
315	11/20/2025 13:41:00	8.7617	25.422
316	11/20/2025 13:42:00	8.7617	25.422
317	11/20/2025 13:43:00	8.7607	25.516
318	11/20/2025 13:44:00	8.7607	25.609
319	11/20/2025 13:45:00	8.7607	25.758
320	11/20/2025 13:46:00	8.7607	25.828
321	11/20/2025 13:47:00	8.7587	25.938
322	11/20/2025 13:48:00	8.7597	26.000
323	11/20/2025 13:49:00	8.7587	26.102
324	11/20/2025 13:50:00	8.7566	26.281
325	11/20/2025 13:51:00	8.7587	26.375
326	11/20/2025 13:52:00	8.7587	26.383
327	11/20/2025 13:53:00	8.7587	26.359
328	11/20/2025 13:54:00	8.7587	26.313
329	11/20/2025 13:55:00	8.7587	26.336
330	11/20/2025 13:56:00	8.7597	26.297
331	11/20/2025 13:57:00	8.7587	26.180
332	11/20/2025 13:58:00	8.7587	26.109
333	11/20/2025 13:59:00	8.7587	26.125
334	11/20/2025 14:00:00	8.7566	26.086
335	11/20/2025 14:01:00	8.7597	26.000
336	11/20/2025 14:02:00	8.7587	25.922
337	11/20/2025 14:03:00	8.7587	25.680
338	11/20/2025 14:04:00	8.7607	25.414
339	11/20/2025 14:05:00	8.7587	25.211
340	11/20/2025 14:06:00	8.7587	25.172
341	11/20/2025 14:07:00	8.7576	25.234
342	11/20/2025 14:08:00	8.7566	25.367
343	11/20/2025 14:09:00	8.7576	25.508
344	11/20/2025 14:10:00	8.7576	25.602
345	11/20/2025 14:11:00	8.7566	25.711
346	11/20/2025 14:12:00	8.7556	25.828
347	11/20/2025 14:13:00	8.7566	25.875
348	11/20/2025 14:14:00	8.7576	25.789
349	11/20/2025 14:15:00	8.7566	25.719
350	11/20/2025 14:16:00	8.7566	25.672
351	11/20/2025 14:17:00	8.7566	25.703
352	11/20/2025 14:18:00	8.7556	25.781
353	11/20/2025 14:19:00	8.7556	25.938
354	11/20/2025 14:20:00	8.7556	25.992
355	11/20/2025 14:21:00	8.7566	25.930
356	11/20/2025 14:22:00	8.7556	25.914
357	11/20/2025 14:23:00	8.7556	25.930
358	11/20/2025 14:24:00	8.7556	25.898
359	11/20/2025 14:25:00	8.7546	25.945
360	11/20/2025 14:26:00	8.7546	26.000
361	11/20/2025 14:27:00	8.7536	26.039
362	11/20/2025 14:28:00	8.7546	26.016
363	11/20/2025 14:29:00	8.7556	25.922
364	11/20/2025 14:30:00	8.7546	25.813
365	11/20/2025 14:31:00	8.7546	25.719
366	11/20/2025 14:32:00	8.7546	25.742
367	11/20/2025 14:33:00	8.7546	25.734
368	11/20/2025 14:34:00	8.7556	25.758
369	11/20/2025 14:35:00	8.7525	25.836
370	11/20/2025 14:36:00	8.7536	25.813
371	11/20/2025 14:37:00	8.7536	25.703
372	11/20/2025 14:38:00	8.7546	25.633
373	11/20/2025 14:39:00	8.7546	25.563
374	11/20/2025 14:40:00	8.7536	25.594
375	11/20/2025 14:41:00	8.7546	25.609
376	11/20/2025 14:42:00	8.7536	25.625
377	11/20/2025 14:43:00	8.7525	25.602
378	11/20/2025 14:44:00	8.7515	25.688
379	11/20/2025 14:45:00	8.7525	25.758
380	11/20/2025 14:46:00	8.7525	25.727
381	11/20/2025 14:47:00	8.7515	25.695
382	11/20/2025 14:48:00	8.7515	25.742
383	11/20/2025 14:49:00	8.7515	25.742
384	11/20/2025 14:50:00	8.7505	25.719
385	11/20/2025 14:51:00	8.7515	25.688
386	11/20/2025 14:52:00	8.7495	25.695
387	11/20/2025 14:53:00	8.7505	25.672
388	11/20/2025 14:54:00	8.7505	25.664
389	11/20/2025 14:55:00	8.7515	25.641
390	11/20/2025 14:56:00	8.7505	25.664
391	11/20/2025 14:57:00	8.7485	25.750
392	11/20/2025 14:58:00	8.7485	25.875
393	11/20/2025 14:59:00	8.7475	26.008
394	11/20/2025 15:00:00	8.7444	26.336
395	11/20/2025 15:01:00	8.7454	26.930
396	11/20/2025 15:02:00	8.7434	27.430
397	11/20/2025 15:03:00	8.7434	27.844
398	11/20/2025 15:04:00	8.7413	28.211
399	11/20/2025 15:05:00	8.7403	28.555
400	11/20/2025 15:06:00	8.7403	28.969
401	11/20/2025 15:07:00	8.7393	29.242
402	11/20/2025 15:08:00	8.7393	29.461
403	11/20/2025 15:09:00	8.7403	29.719
404	11/20/2025 15:10:00	8.7403	29.891
405	11/20/2025 15:11:00	8.7403	30.047
406	11/20/2025 15:12:00	8.7413	29.906
407	11/20/2025 15:13:00	8.7413	29.656
408	11/20/2025 15:14:00	8.7434	29.367
409	11/20/2025 15:15:00	8.7403	29.133
410	11/20/2025 15:16:00	8.7424	29.211
411	11/20/2025 15:17:00	8.7413	29.227
412	11/20/2025 15:18:00	8.7393	29.250
413	11/20/2025 15:19:00	8.7413	29.242
414	11/20/2025 15:20:00	8.7403	29.383
415	11/20/2025 15:21:00	8.7413	29.469
416	11/20/2025 15:22:00	8.7413	29.320
417	11/20/2025 15:23:00	8.7413	29.133
418	11/20/2025 15:24:00	8.7424	29.023
419	11/20/2025 15:25:00	8.7424	28.992
420	11/20/2025 15:26:00	8.7403	28.984
421	11/20/2025 15:27:00	8.7424	28.930
422	11/20/2025 15:28:00	8.7413	28.961
423	11/20/2025 15:29:00	8.7403	29.109
424	11/20/2025 15:30:00	8.7393	29.219
425	11/20/2025 15:31:00	8.7393	29.250
426	11/20/2025 15:32:00	8.7393	29.234
427	11/20/2025 15:33:00	8.7403	29.242
428	11/20/2025 15:34:00	8.7383	29.289
429	11/20/2025 15:35:00	8.7393	29.219
430	11/20/2025 15:36:00	8.7383	29.227
431	11/20/2025 15:37:00	8.7373	29.195
432	11/20/2025 15:38:00	8.7373	29.211
433	11/20/2025 15:39:00	8.7373	29.359
434	11/20/2025 15:40:00	8.7373	29.508
435	11/20/2025 15:41:00	8.7383	29.453
436	11/20/2025 15:42:00	8.7383	29.414
437	11/20/2025 15:43:00	8.7373	29.516
438	11/20/2025 15:44:00	8.7373	29.641
439	11/20/2025 15:45:00	8.7373	29.688
440	11/20/2025 15:46:00	8.7373	29.750
441	11/20/2025 15:47:00	8.7383	29.695
442	11/20/2025 15:48:00	8.7383	29.695
443	11/20/2025 15:49:00	8.7383	29.656
444	11/20/2025 15:50:00	8.7383	29.609
445	11/20/2025 15:51:00	8.7383	29.547
446	11/20/2025 15:52:00	8.7393	29.406
447	11/20/2025 15:53:00	8.7383	29.328
448	11/20/2025 15:54:00	8.7393	29.266
449	11/20/2025 15:55:00	8.7393	29.117
450	11/20/2025 15:56:00	8.7403	28.883
451	11/20/2025 15:57:00	8.7403	28.563
452	11/20/2025 15:58:00	8.7424	28.281
453	11/20/2025 15:59:00	8.7424	28.070
454	11/20/2025 16:00:00	8.7424	27.859
455	11/20/2025 16:01:00	8.7434	27.609
456	11/20/2025 16:02:00	8.7434	27.469
457	11/20/2025 16:03:00	8.7434	27.383
458	11/20/2025 16:04:00	8.7444	27.156
459	11/20/2025 16:05:00	8.7444	26.922
460	11/20/2025 16:06:00	8.7454	26.734
461	11/20/2025 16:07:00	8.7454	26.539
462	11/20/2025 16:08:00	8.7454	26.328
463	11/20/2025 16:09:00	8.7454	26.188
464	11/20/2025 16:10:00	8.7464	26.094
465	11/20/2025 16:11:00	8.7475	25.906
466	11/20/2025 16:12:00	8.7475	25.766
467	11/20/2025 16:13:00	8.7475	25.602
468	11/20/2025 16:14:00	8.7485	25.453
469	11/20/2025 16:15:00	8.7485	25.320
470	11/20/2025 16:16:00	8.7495	25.211
471	11/20/2025 16:17:00	8.7495	25.109
472	11/20/2025 16:18:00	8.7485	25.008
473	11/20/2025 16:19:00	8.7495	24.891
474	11/20/2025 16:20:00	8.7495	24.766
475	11/20/2025 16:21:00	8.7495	24.656
476	11/20/2025 16:22:00	8.7505	24.523
477	11/20/2025 16:23:00	8.7495	24.422
478	11/20/2025 16:24:00	8.7495	24.344
479	11/20/2025 16:25:00	8.7495	24.281
480	11/20/2025 16:26:00	8.7505	24.203
481	11/20/2025 16:27:00	8.7505	24.164
482	11/20/2025 16:28:00	8.7505	24.164
483	11/20/2025 16:29:00	8.7505	24.180
484	11/20/2025 16:30:00	8.7495	24.188
485	11/20/2025 16:31:00	8.7495	24.188
486	11/20/2025 16:32:00	8.7505	24.172
487	11/20/2025 16:33:00	8.7495	24.133
488	11/20/2025 16:34:00	8.7495	24.109
489	11/20/2025 16:35:00	8.7505	24.070
490	11/20/2025 16:36:00	8.7505	24.039
491	11/20/2025 16:37:00	8.7505	24.016
492	11/20/2025 16:38:00	8.7505	23.992
493	11/20/2025 16:39:00	8.7505	23.977
494	11/20/2025 16:40:00	8.7505	23.961
495	11/20/2025 16:41:00	8.7495	23.945
496	11/20/2025 16:42:00	8.7505	23.906
497	11/20/2025 16:43:00	8.7505	23.891
498	11/20/2025 16:44:00	8.7515	23.836
499	11/20/2025 16:45:00	8.7505	23.813
500	11/20/2025 16:46:00	8.7515	23.805
501	11/20/2025 16:47:00	8.7515	23.773
502	11/20/2025 16:48:00	8.7515	23.727
503	11/20/2025 16:49:00	8.7515	23.688
504	11/20/2025 16:50:00	8.7515	23.633
505	11/20/2025 16:51:00	8.7525	23.609
506	11/20/2025 16:52:00	8.7536	23.578
507	11/20/2025 16:53:00	8.7536	23.555
508	11/20/2025 16:54:00	8.7525	23.516
509	11/20/2025 16:55:00	8.7525	23.500
510	11/20/2025 16:56:00	8.7536	23.477
511	11/20/2025 16:57:00	8.7525	23.469
512	11/20/2025 16:58:00	8.7536	23.469
513	11/20/2025 16:59:00	8.7536	23.469
514	11/20/2025 17:00:00	8.7525	23.453
515	11/20/2025 17:01:00	8.7536	23.422
516	11/20/2025 17:02:00	8.7536	23.414
517	11/20/2025 17:03:00	8.7546	23.398
518	11/20/2025 17:04:00	8.7536	23.383
519	11/20/2025 17:05:00	8.7556	23.359
520	11/20/2025 17:06:00	8.7556	23.352
521	11/20/2025 17:07:00	8.7546	23.336
522	11/20/2025 17:08:00	8.7546	23.328
523	11/20/2025 17:09:00	8.7556	23.320
524	11/20/2025 17:10:00	8.7546	23.305
525	11/20/2025 17:11:00	8.7556	23.281
526	11/20/2025 17:12:00	8.7546	23.273
527	11/20/2025 17:13:00	8.7546	23.273
528	11/20/2025 17:14:00	8.7556	23.250
529	11/20/2025 17:15:00	8.7556	23.227
530	11/20/2025 17:16:00	8.7556	23.219
531	11/20/2025 17:17:00	8.7546	23.203
532	11/20/2025 17:18:00	8.7566	23.203
533	11/20/2025 17:19:00	8.7546	23.188
534	11/20/2025 17:20:00	8.7556	23.188
535	11/20/2025 17:21:00	8.7556	23.172
536	11/20/2025 17:22:00	8.7556	23.164
537	11/20/2025 17:23:00	8.7556	23.141
538	11/20/2025 17:24:00	8.7566	23.125
539	11/20/2025 17:25:00	8.7566	23.094
540	11/20/2025 17:26:00	8.7556	23.078
541	11/20/2025 17:27:00	8.7556	23.063
542	11/20/2025 17:28:00	8.7566	23.055
543	11/20/2025 17:29:00	8.7566	23.031
544	11/20/2025 17:30:00	8.7566	23.023
545	11/20/2025 17:31:00	8.7566	22.992
546	11/20/2025 17:32:00	8.7576	22.961
547	11/20/2025 17:33:00	8.7576	22.938
548	11/20/2025 17:34:00	8.7576	22.906
549	11/20/2025 17:35:00	8.7576	22.875
550	11/20/2025 17:36:00	8.7576	22.844
551	11/20/2025 17:37:00	8.7576	22.813
552	11/20/2025 17:38:00	8.7587	22.773
553	11/20/2025 17:39:00	8.7587	22.750
554	11/20/2025 17:40:00	8.7587	22.727
555	11/20/2025 17:41:00	8.7587	22.703
556	11/20/2025 17:42:00	8.7587	22.680
557	11/20/2025 17:43:00	8.7587	22.664
558	11/20/2025 17:44:00	8.7597	22.633
559	11/20/2025 17:45:00	8.7597	22.602
560	11/20/2025 17:46:00	8.7597	22.578
561	11/20/2025 17:47:00	8.7597	22.547
562	11/20/2025 17:48:00	8.7587	22.508
563	11/20/2025 17:49:00	8.7587	22.477
564	11/20/2025 17:50:00	8.7597	22.453
565	11/20/2025 17:51:00	8.7607	22.422
566	11/20/2025 17:52:00	8.7597	22.398
567	11/20/2025 17:53:00	8.7607	22.375
568	11/20/2025 17:54:00	8.7597	22.336
569	11/20/2025 17:55:00	8.7607	22.320
570	11/20/2025 17:56:00	8.7597	22.297
571	11/20/2025 17:57:00	8.7607	22.266
572	11/20/2025 17:58:00	8.7607	22.242
573	11/20/2025 17:59:00	8.7597	22.227
574	11/20/2025 18:00:00	8.7597	22.195
575	11/20/2025 18:01:00	8.7607	22.172
576	11/20/2025 18:02:00	8.7607	22.164
577	11/20/2025 18:03:00	8.7607	22.156
578	11/20/2025 18:04:00	8.7617	22.141
579	11/20/2025 18:05:00	8.7617	22.117
580	11/20/2025 18:06:00	8.7617	22.102
581	11/20/2025 18:07:00	8.7617	22.078
582	11/20/2025 18:08:00	8.7617	22.047
583	11/20/2025 18:09:00	8.7607	22.016
584	11/20/2025 18:10:00	8.7627	22.000
585	11/20/2025 18:11:00	8.7617	21.977
586	11/20/2025 18:12:00	8.7627	21.953
587	11/20/2025 18:13:00	8.7627	21.930
588	11/20/2025 18:14:00	8.7617	21.922
589	11/20/2025 18:15:00	8.7617	21.914
590	11/20/2025 18:16:00	8.7617	21.906
591	11/20/2025 18:17:00	8.7627	21.891
592	11/20/2025 18:18:00	8.7617	21.875
593	11/20/2025 18:19:00	8.7627	21.852
594	11/20/2025 18:20:00	8.7627	21.828
595	11/20/2025 18:21:00	8.7627	21.805
596	11/20/2025 18:22:00	8.7627	21.773
597	11/20/2025 18:23:00	8.7648	21.734
598	11/20/2025 18:24:00	8.7638	21.695
599	11/20/2025 18:25:00	8.7627	21.664
600	11/20/2025 18:26:00	8.7627	21.633
601	11/20/2025 18:27:00	8.7648	21.594
602	11/20/2025 18:28:00	8.7648	21.570
603	11/20/2025 18:29:00	8.7648	21.539
604	11/20/2025 18:30:00	8.7648	21.516
605	11/20/2025 18:31:00	8.7648	21.492
606	11/20/2025 18:32:00	8.7648	21.477
607	11/20/2025 18:33:00	8.7658	21.445
608	11/20/2025 18:34:00	8.7658	21.406
609	11/20/2025 18:35:00	8.7658	21.375
610	11/20/2025 18:36:00	8.7648	21.352
611	11/20/2025 18:37:00	8.7658	21.336
612	11/20/2025 18:38:00	8.7658	21.320
613	11/20/2025 18:39:00	8.7658	21.313
614	11/20/2025 18:40:00	8.7648	21.297
615	11/20/2025 18:41:00	8.7658	21.289
616	11/20/2025 18:42:00	8.7658	21.281
617	11/20/2025 18:43:00	8.7658	21.266
618	11/20/2025 18:44:00	8.7668	21.250
619	11/20/2025 18:45:00	8.7658	21.234
620	11/20/2025 18:46:00	8.7668	21.227
621	11/20/2025 18:47:00	8.7658	21.219
622	11/20/2025 18:48:00	8.7658	21.211
623	11/20/2025 18:49:00	8.7668	21.195
624	11/20/2025 18:50:00	8.7678	21.172
625	11/20/2025 18:51:00	8.7668	21.156
626	11/20/2025 18:52:00	8.7678	21.141
627	11/20/2025 18:53:00	8.7668	21.125
628	11/20/2025 18:54:00	8.7678	21.102
629	11/20/2025 18:55:00	8.7689	21.078
630	11/20/2025 18:56:00	8.7678	21.055
631	11/20/2025 18:57:00	8.7678	21.039
632	11/20/2025 18:58:00	8.7678	21.016
633	11/20/2025 18:59:00	8.7689	21.000
634	11/20/2025 19:00:00	8.7689	20.977
635	11/20/2025 19:01:00	8.7689	20.953
636	11/20/2025 19:02:00	8.7689	20.938
637	11/20/2025 19:03:00	8.7689	20.914
638	11/20/2025 19:04:00	8.7689	20.898
639	11/20/2025 19:05:00	8.7689	20.867
640	11/20/2025 19:06:00	8.7699	20.852
641	11/20/2025 19:07:00	8.7689	20.820
642	11/20/2025 19:08:00	8.7689	20.797
643	11/20/2025 19:09:00	8.7709	20.781
644	11/20/2025 19:10:00	8.7699	20.758
645	11/20/2025 19:11:00	8.7699	20.742
646	11/20/2025 19:12:00	8.7709	20.727
647	11/20/2025 19:13:00	8.7709	20.711
648	11/20/2025 19:14:00	8.7709	20.695
649	11/20/2025 19:15:00	8.7709	20.680
650	11/20/2025 19:16:00	8.7709	20.656
651	11/20/2025 19:17:00	8.7689	20.641
652	11/20/2025 19:18:00	8.7709	20.625
653	11/20/2025 19:19:00	8.7709	20.602
654	11/20/2025 19:20:00	8.7719	20.578
655	11/20/2025 19:21:00	8.7719	20.563
656	11/20/2025 19:22:00	8.7719	20.539
657	11/20/2025 19:23:00	8.7709	20.523
658	11/20/2025 19:24:00	8.7719	20.500
659	11/20/2025 19:25:00	8.7719	20.477
660	11/20/2025 19:26:00	8.7719	20.453
661	11/20/2025 19:27:00	8.7709	20.438
662	11/20/2025 19:28:00	8.7719	20.414
663	11/20/2025 19:29:00	8.7719	20.391
664	11/20/2025 19:30:00	8.7729	20.367
665	11/20/2025 19:31:00	8.7719	20.352
666	11/20/2025 19:32:00	8.7719	20.336
667	11/20/2025 19:33:00	8.7729	20.320
668	11/20/2025 19:34:00	8.7719	20.305
669	11/20/2025 19:35:00	8.7729	20.281
670	11/20/2025 19:36:00	8.7719	20.273
671	11/20/2025 19:37:00	8.7729	20.258
672	11/20/2025 19:38:00	8.7729	20.250
673	11/20/2025 19:39:00	8.7729	20.242
674	11/20/2025 19:40:00	8.7729	20.250
675	11/20/2025 19:41:00	8.7740	20.258
676	11/20/2025 19:42:00	8.7729	20.266
677	11/20/2025 19:43:00	8.7729	20.281
678	11/20/2025 19:44:00	8.7729	20.281
679	11/20/2025 19:45:00	8.7740	20.289
680	11/20/2025 19:46:00	8.7729	20.297
681	11/20/2025 19:47:00	8.7740	20.305
682	11/20/2025 19:48:00	8.7729	20.313
683	11/20/2025 19:49:00	8.7729	20.313
684	11/20/2025 19:50:00	8.7740	20.313
685	11/20/2025 19:51:00	8.7740	20.313
686	11/20/2025 19:52:00	8.7740	20.336
687	11/20/2025 19:53:00	8.7729	20.367
688	11/20/2025 19:54:00	8.7729	20.422
689	11/20/2025 19:55:00	8.7729	20.461
690	11/20/2025 19:56:00	8.7740	20.500
691	11/20/2025 19:57:00	8.7729	20.547
692	11/20/2025 19:58:00	8.7729	20.586
693	11/20/2025 19:59:00	8.7740	20.625
694	11/20/2025 20:00:00	8.7740	20.648
695	11/20/2025 20:01:00	8.7740	20.672
696	11/20/2025 20:02:00	8.7729	20.703
697	11/20/2025 20:03:00	8.7740	20.719
698	11/20/2025 20:04:00	8.7740	20.734
699	11/20/2025 20:05:00	8.7740	20.742
700	11/20/2025 20:06:00	8.7750	20.750
701	11/20/2025 20:07:00	8.7750	20.750
702	11/20/2025 20:08:00	8.7750	20.766
703	11/20/2025 20:09:00	8.7760	20.766
704	11/20/2025 20:10:00	8.7750	20.773
705	11/20/2025 20:11:00	8.7750	20.789
706	11/20/2025 20:12:00	8.7760	20.781
707	11/20/2025 20:13:00	8.7760	20.805
708	11/20/2025 20:14:00	8.7760	20.813
709	11/20/2025 20:15:00	8.7760	20.820
710	11/20/2025 20:16:00	8.7770	20.828
711	11/20/2025 20:17:00	8.7770	20.852
712	11/20/2025 20:18:00	8.7760	20.859
713	11/20/2025 20:19:00	8.7770	20.867
714	11/20/2025 20:20:00	8.7770	20.875
715	11/20/2025 20:21:00	8.7760	20.883
716	11/20/2025 20:22:00	8.7760	20.883
717	11/20/2025 20:23:00	8.7770	20.883
718	11/20/2025 20:24:00	8.7770	20.875
719	11/20/2025 20:25:00	8.7770	20.875
720	11/20/2025 20:26:00	8.7780	20.867
721	11/20/2025 20:27:00	8.7780	20.867
722	11/20/2025 20:28:00	8.7780	20.859
723	11/20/2025 20:29:00	8.7791	20.867
724	11/20/2025 20:30:00	8.7791	20.859
725	11/20/2025 20:31:00	8.7791	20.844
726	11/20/2025 20:32:00	8.7801	20.813
727	11/20/2025 20:33:00	8.7811	20.766
728	11/20/2025 20:34:00	8.7811	20.734
729	11/20/2025 20:35:00	8.7811	20.703
730	11/20/2025 20:36:00	8.7811	20.672
731	11/20/2025 20:37:00	8.7821	20.656
732	11/20/2025 20:38:00	8.7811	20.633
733	11/20/2025 20:39:00	8.7821	20.617
734	11/20/2025 20:40:00	8.7821	20.594
735	11/20/2025 20:41:00	8.7821	20.578
736	11/20/2025 20:42:00	8.7831	20.570
737	11/20/2025 20:43:00	8.7831	20.555
738	11/20/2025 20:44:00	8.7831	20.531
739	11/20/2025 20:45:00	8.7841	20.516
740	11/20/2025 20:46:00	8.7831	20.500
741	11/20/2025 20:47:00	8.7831	20.492
742	11/20/2025 20:48:00	8.7831	20.477
743	11/20/2025 20:49:00	8.7841	20.461
744	11/20/2025 20:50:00	8.7841	20.453
745	11/20/2025 20:51:00	8.7841	20.453
746	11/20/2025 20:52:00	8.7841	20.445
747	11/20/2025 20:53:00	8.7841	20.438
748	11/20/2025 20:54:00	8.7841	20.430
749	11/20/2025 20:55:00	8.7841	20.414
750	11/20/2025 20:56:00	8.7852	20.406
751	11/20/2025 20:57:00	8.7841	20.391
752	11/20/2025 20:58:00	8.7852	20.375
753	11/20/2025 20:59:00	8.7852	20.375
754	11/20/2025 21:00:00	8.7852	20.359
755	11/20/2025 21:01:00	8.7852	20.344
756	11/20/2025 21:02:00	8.7852	20.320
757	11/20/2025 21:03:00	8.7862	20.313
758	11/20/2025 21:04:00	8.7862	20.313
759	11/20/2025 21:05:00	8.7862	20.305
760	11/20/2025 21:06:00	8.7862	20.305
761	11/20/2025 21:07:00	8.7872	20.297
762	11/20/2025 21:08:00	8.7872	20.297
763	11/20/2025 21:09:00	8.7872	20.305
764	11/20/2025 21:10:00	8.7882	20.313
765	11/20/2025 21:11:00	8.7872	20.328
766	11/20/2025 21:12:00	8.7872	20.344
767	11/20/2025 21:13:00	8.7872	20.375
768	11/20/2025 21:14:00	8.7882	20.391
769	11/20/2025 21:15:00	8.7882	20.406
770	11/20/2025 21:16:00	8.7882	20.398
771	11/20/2025 21:17:00	8.7882	20.398
772	11/20/2025 21:18:00	8.7872	20.391
773	11/20/2025 21:19:00	8.7882	20.383
774	11/20/2025 21:20:00	8.7882	20.359
775	11/20/2025 21:21:00	8.7892	20.344
776	11/20/2025 21:22:00	8.7892	20.328
777	11/20/2025 21:23:00	8.7892	20.305
778	11/20/2025 21:24:00	8.7882	20.289
779	11/20/2025 21:25:00	8.7882	20.266
780	11/20/2025 21:26:00	8.7882	20.242
781	11/20/2025 21:27:00	8.7882	20.219
782	11/20/2025 21:28:00	8.7882	20.188
783	11/20/2025 21:29:00	8.7882	20.164
784	11/20/2025 21:30:00	8.7882	20.133
785	11/20/2025 21:31:00	8.7882	20.094
786	11/20/2025 21:32:00	8.7892	20.063
787	11/20/2025 21:33:00	8.7882	20.031
788	11/20/2025 21:34:00	8.7892	19.992
789	11/20/2025 21:35:00	8.7892	19.961
790	11/20/2025 21:36:00	8.7903	19.930
791	11/20/2025 21:37:00	8.7903	19.891
792	11/20/2025 21:38:00	8.7913	19.867
793	11/20/2025 21:39:00	8.7923	19.836
794	11/20/2025 21:40:00	8.7923	19.805
795	11/20/2025 21:41:00	8.7923	19.781
796	11/20/2025 21:42:00	8.7933	19.766
797	11/20/2025 21:43:00	8.7933	19.750
798	11/20/2025 21:44:00	8.7933	19.734
799	11/20/2025 21:45:00	8.7933	19.719
800	11/20/2025 21:46:00	8.7933	19.703
801	11/20/2025 21:47:00	8.7933	19.680
802	11/20/2025 21:48:00	8.7933	19.656
803	11/20/2025 21:49:00	8.7933	19.641
804	11/20/2025 21:50:00	8.7933	19.633
805	11/20/2025 21:51:00	8.7933	19.617
806	11/20/2025 21:52:00	8.7943	19.594
807	11/20/2025 21:53:00	8.7933	19.570
808	11/20/2025 21:54:00	8.7933	19.555
809	11/20/2025 21:55:00	8.7943	19.523
810	11/20/2025 21:56:00	8.7933	19.508
811	11/20/2025 21:57:00	8.7943	19.477
812	11/20/2025 21:58:00	8.7933	19.453
813	11/20/2025 21:59:00	8.7943	19.445
814	11/20/2025 22:00:00	8.7943	19.422
815	11/20/2025 22:01:00	8.7943	19.406
816	11/20/2025 22:02:00	8.7943	19.398
817	11/20/2025 22:03:00	8.7954	19.383
818	11/20/2025 22:04:00	8.7954	19.383
819	11/20/2025 22:05:00	8.7954	19.367
820	11/20/2025 22:06:00	8.7943	19.359
821	11/20/2025 22:07:00	8.7954	19.344
822	11/20/2025 22:08:00	8.7954	19.336
823	11/20/2025 22:09:00	8.7964	19.344
824	11/20/2025 22:10:00	8.7964	19.344
825	11/20/2025 22:11:00	8.7954	19.336
826	11/20/2025 22:12:00	8.7954	19.352
827	11/20/2025 22:13:00	8.7954	19.344
828	11/20/2025 22:14:00	8.7964	19.336
829	11/20/2025 22:15:00	8.7954	19.344
830	11/20/2025 22:16:00	8.7954	19.344
831	11/20/2025 22:17:00	8.7943	19.344
832	11/20/2025 22:18:00	8.7954	19.336
833	11/20/2025 22:19:00	8.7954	19.320
834	11/20/2025 22:20:00	8.7943	19.313
835	11/20/2025 22:21:00	8.7943	19.305
836	11/20/2025 22:22:00	8.7943	19.289
837	11/20/2025 22:23:00	8.7933	19.273
838	11/20/2025 22:24:00	8.7933	19.250
839	11/20/2025 22:25:00	8.7933	19.227
840	11/20/2025 22:26:00	8.7933	19.203
841	11/20/2025 22:27:00	8.7933	19.172
842	11/20/2025 22:28:00	8.7943	19.141
843	11/20/2025 22:29:00	8.7943	19.125
844	11/20/2025 22:30:00	8.7933	19.094
845	11/20/2025 22:31:00	8.7943	19.070
846	11/20/2025 22:32:00	8.7933	19.047
847	11/20/2025 22:33:00	8.7933	19.031
848	11/20/2025 22:34:00	8.7943	19.008
849	11/20/2025 22:35:00	8.7933	18.992
850	11/20/2025 22:36:00	8.7933	18.969
851	11/20/2025 22:37:00	8.7933	18.953
852	11/20/2025 22:38:00	8.7933	18.938
853	11/20/2025 22:39:00	8.7923	18.930
854	11/20/2025 22:40:00	8.7923	18.914
855	11/20/2025 22:41:00	8.7923	18.898
856	11/20/2025 22:42:00	8.7933	18.883
857	11/20/2025 22:43:00	8.7923	18.875
858	11/20/2025 22:44:00	8.7933	18.875
859	11/20/2025 22:45:00	8.7933	18.875
860	11/20/2025 22:46:00	8.7923	18.867
861	11/20/2025 22:47:00	8.7913	18.867
862	11/20/2025 22:48:00	8.7923	18.875
863	11/20/2025 22:49:00	8.7923	18.883
864	11/20/2025 22:50:00	8.7913	18.883
865	11/20/2025 22:51:00	8.7913	18.883
866	11/20/2025 22:52:00	8.7923	18.875
867	11/20/2025 22:53:00	8.7923	18.883
868	11/20/2025 22:54:00	8.7923	18.883
869	11/20/2025 22:55:00	8.7913	18.891
870	11/20/2025 22:56:00	8.7913	18.891
871	11/20/2025 22:57:00	8.7913	18.891
872	11/20/2025 22:58:00	8.7913	18.891
873	11/20/2025 22:59:00	8.7903	18.883
874	11/20/2025 23:00:00	8.7913	18.883
875	11/20/2025 23:01:00	8.7903	18.883
876	11/20/2025 23:02:00	8.7903	18.883
877	11/20/2025 23:03:00	8.7903	18.891
878	11/20/2025 23:04:00	8.7903	18.891
879	11/20/2025 23:05:00	8.7903	18.891
880	11/20/2025 23:06:00	8.7892	18.898
881	11/20/2025 23:07:00	8.7892	18.891
882	11/20/2025 23:08:00	8.7892	18.898
883	11/20/2025 23:09:00	8.7892	18.898
884	11/20/2025 23:10:00	8.7892	18.906
885	11/20/2025 23:11:00	8.7892	18.906
886	11/20/2025 23:12:00	8.7892	18.906
887	11/20/2025 23:13:00	8.7882	18.906
888	11/20/2025 23:14:00	8.7882	18.914
889	11/20/2025 23:15:00	8.7892	18.914
890	11/20/2025 23:16:00	8.7882	18.922
891	11/20/2025 23:17:00	8.7882	18.914
892	11/20/2025 23:18:00	8.7882	18.922
893	11/20/2025 23:19:00	8.7882	18.922
894	11/20/2025 23:20:00	8.7872	18.914
895	11/20/2025 23:21:00	8.7872	18.906
896	11/20/2025 23:22:00	8.7872	18.914
897	11/20/2025 23:23:00	8.7872	18.906
898	11/20/2025 23:24:00	8.7872	18.906
899	11/20/2025 23:25:00	8.7872	18.898
900	11/20/2025 23:26:00	8.7872	18.891
901	11/20/2025 23:27:00	8.7872	18.891
902	11/20/2025 23:28:00	8.7862	18.875
903	11/20/2025 23:29:00	8.7852	18.883
904	11/20/2025 23:30:00	8.7872	18.891
905	11/20/2025 23:31:00	8.7852	18.891
906	11/20/2025 23:32:00	8.7862	18.891
907	11/20/2025 23:33:00	8.7852	18.891
908	11/20/2025 23:34:00	8.7852	18.883
909	11/20/2025 23:35:00	8.7852	18.875
910	11/20/2025 23:36:00	8.7852	18.867
911	11/20/2025 23:37:00	8.7852	18.859
912	11/20/2025 23:38:00	8.7852	18.844
913	11/20/2025 23:39:00	8.7852	18.828
914	11/20/2025 23:40:00	8.7841	18.828
915	11/20/2025 23:41:00	8.7841	18.813
916	11/20/2025 23:42:00	8.7841	18.805
917	11/20/2025 23:43:00	8.7831	18.797
918	11/20/2025 23:44:00	8.7841	18.805
919	11/20/2025 23:45:00	8.7841	18.805
920	11/20/2025 23:46:00	8.7831	18.805
921	11/20/2025 23:47:00	8.7831	18.805
922	11/20/2025 23:48:00	8.7831	18.797
923	11/20/2025 23:49:00	8.7841	18.805
924	11/20/2025 23:50:00	8.7841	18.813
925	11/20/2025 23:51:00	8.7831	18.820
926	11/20/2025 23:52:00	8.7841	18.828
927	11/20/2025 23:53:00	8.7841	18.836
928	11/20/2025 23:54:00	8.7831	18.836
929	11/20/2025 23:55:00	8.7841	18.828
930	11/20/2025 23:56:00	8.7841	18.828
931	11/20/2025 23:57:00	8.7841	18.820
932	11/20/2025 23:58:00	8.7841	18.813
933	11/20/2025 23:59:00	8.7841	18.805
934	11/21/2025 0:00:00	8.7831	18.797
935	11/21/2025 0:01:00	8.7831	18.797
936	11/21/2025 0:02:00	8.7841	18.773
937	11/21/2025 0:03:00	8.7841	18.758
938	11/21/2025 0:04:00	8.7821	18.734
939	11/21/2025 0:05:00	8.7831	18.711
940	11/21/2025 0:06:00	8.7841	18.688
941	11/21/2025 0:07:00	8.7831	18.664
942	11/21/2025 0:08:00	8.7831	18.648
943	11/21/2025 0:09:00	8.7831	18.609
944	11/21/2025 0:10:00	8.7831	18.570
945	11/21/2025 0:11:00	8.7831	18.539
946	11/21/2025 0:12:00	8.7831	18.508
947	11/21/2025 0:13:00	8.7831	18.477
948	11/21/2025 0:14:00	8.7821	18.422
949	11/21/2025 0:15:00	8.7821	18.375
950	11/21/2025 0:16:00	8.7811	18.328
951	11/21/2025 0:17:00	8.7821	18.289
952	11/21/2025 0:18:00	8.7821	18.242
953	11/21/2025 0:19:00	8.7821	18.211
954	11/21/2025 0:20:00	8.7811	18.180
955	11/21/2025 0:21:00	8.7811	18.164
956	11/21/2025 0:22:00	8.7821	18.133
957	11/21/2025 0:23:00	8.7821	18.102
958	11/21/2025 0:24:00	8.7811	18.063
959	11/21/2025 0:25:00	8.7801	18.023
960	11/21/2025 0:26:00	8.7801	17.992
961	11/21/2025 0:27:00	8.7801	17.953
962	11/21/2025 0:28:00	8.7811	17.922
963	11/21/2025 0:29:00	8.7801	17.898
964	11/21/2025 0:30:00	8.7811	17.859
965	11/21/2025 0:31:00	8.7801	17.828
966	11/21/2025 0:32:00	8.7801	17.797
967	11/21/2025 0:33:00	8.7801	17.766
968	11/21/2025 0:34:00	8.7801	17.742
969	11/21/2025 0:35:00	8.7791	17.734
970	11/21/2025 0:36:00	8.7791	17.727
971	11/21/2025 0:37:00	8.7791	17.727
972	11/21/2025 0:38:00	8.7801	17.734
973	11/21/2025 0:39:00	8.7791	17.727
974	11/21/2025 0:40:00	8.7801	17.719
975	11/21/2025 0:41:00	8.7801	17.719
976	11/21/2025 0:42:00	8.7791	17.711
977	11/21/2025 0:43:00	8.7791	17.711
978	11/21/2025 0:44:00	8.7791	17.711
979	11/21/2025 0:45:00	8.7791	17.750
980	11/21/2025 0:46:00	8.7780	17.813
981	11/21/2025 0:47:00	8.7780	17.883
982	11/21/2025 0:48:00	8.7780	17.945
983	11/21/2025 0:49:00	8.7770	18.000
984	11/21/2025 0:50:00	8.7791	18.055
985	11/21/2025 0:51:00	8.7780	18.109
986	11/21/2025 0:52:00	8.7780	18.164
987	11/21/2025 0:53:00	8.7770	18.203
988	11/21/2025 0:54:00	8.7770	18.219
989	11/21/2025 0:55:00	8.7760	18.234
990	11/21/2025 0:56:00	8.7770	18.250
991	11/21/2025 0:57:00	8.7760	18.266
992	11/21/2025 0:58:00	8.7760	18.258
993	11/21/2025 0:59:00	8.7770	18.234
994	11/21/2025 1:00:00	8.7760	18.219
995	11/21/2025 1:01:00	8.7770	18.195
996	11/21/2025 1:02:00	8.7770	18.164
997	11/21/2025 1:03:00	8.7760	18.141
998	11/21/2025 1:04:00	8.7770	18.117
999	11/21/2025 1:05:00	8.7770	18.094
1,000	11/21/2025 1:06:00	8.7780	18.078
1,001	11/21/2025 1:07:00	8.7780	18.063
1,002	11/21/2025 1:08:00	8.7780	18.039
1,003	11/21/2025 1:09:00	8.7791	18.016
1,004	11/21/2025 1:10:00	8.7780	17.992
1,005	11/21/2025 1:11:00	8.7780	17.969
1,006	11/21/2025 1:12:00	8.7780	17.953
1,007	11/21/2025 1:13:00	8.7780	17.938
1,008	11/21/2025 1:14:00	8.7780	17.938
1,009	11/21/2025 1:15:00	8.7770	17.922
1,010	11/21/2025 1:16:00	8.7780	17.922
1,011	11/21/2025 1:17:00	8.7780	17.922
1,012	11/21/2025 1:18:00	8.7780	17.922
1,013	11/21/2025 1:19:00	8.7780	17.930
1,014	11/21/2025 1:20:00	8.7780	17.930
1,015	11/21/2025 1:21:00	8.7780	17.938
1,016	11/21/2025 1:22:00	8.7780	17.938
1,017	11/21/2025 1:23:00	8.7780	17.945
1,018	11/21/2025 1:24:00	8.7780	17.953
1,019	11/21/2025 1:25:00	8.7780	17.961
1,020	11/21/2025 1:26:00	8.7770	17.977
1,021	11/21/2025 1:27:00	8.7791	17.969
1,022	11/21/2025 1:28:00	8.7780	17.969
1,023	11/21/2025 1:29:00	8.7780	17.969
1,024	11/21/2025 1:30:00	8.7791	17.961
1,025	11/21/2025 1:31:00	8.7780	17.977
1,026	11/21/2025 1:32:00	8.7780	17.977
1,027	11/21/2025 1:33:00	8.7780	17.977
1,028	11/21/2025 1:34:00	8.7780	17.984
1,029	11/21/2025 1:35:00	8.7791	17.977
1,030	11/21/2025 1:36:00	8.7780	17.977
1,031	11/21/2025 1:37:00	8.7780	17.977
1,032	11/21/2025 1:38:00	8.7780	17.984
1,033	11/21/2025 1:39:00	8.7780	17.977
1,034	11/21/2025 1:40:00	8.7780	17.977
1,035	11/21/2025 1:41:00	8.7791	17.961
1,036	11/21/2025 1:42:00	8.7780	17.953
1,037	11/21/2025 1:43:00	8.7780	17.945
1,038	11/21/2025 1:44:00	8.7791	17.930
1,039	11/21/2025 1:45:00	8.7791	17.914
1,040	11/21/2025 1:46:00	8.7801	17.906
1,041	11/21/2025 1:47:00	8.7801	17.898
1,042	11/21/2025 1:48:00	8.7801	17.883
1,043	11/21/2025 1:49:00	8.7801	17.883
1,044	11/21/2025 1:50:00	8.7791	17.875
1,045	11/21/2025 1:51:00	8.7801	17.867
1,046	11/21/2025 1:52:00	8.7791	17.875
1,047	11/21/2025 1:53:00	8.7791	17.898
1,048	11/21/2025 1:54:00	8.7791	17.922
1,049	11/21/2025 1:55:00	8.7791	17.938
1,050	11/21/2025 1:56:00	8.7791	17.953
1,051	11/21/2025 1:57:00	8.7791	17.969
1,052	11/21/2025 1:58:00	8.7791	17.977
1,053	11/21/2025 1:59:00	8.7801	17.984
1,054	11/21/2025 2:00:00	8.7801	17.969
1,055	11/21/2025 2:01:00	8.7801	17.961
1,056	11/21/2025 2:02:00	8.7791	17.938
1,057	11/21/2025 2:03:00	8.7791	17.930
1,058	11/21/2025 2:04:00	8.7791	17.914
1,059	11/21/2025 2:05:00	8.7791	17.898
1,060	11/21/2025 2:06:00	8.7791	17.891
1,061	11/21/2025 2:07:00	8.7780	17.875
1,062	11/21/2025 2:08:00	8.7791	17.867
1,063	11/21/2025 2:09:00	8.7791	17.859
1,064	11/21/2025 2:10:00	8.7801	17.859
1,065	11/21/2025 2:11:00	8.7791	17.852
1,066	11/21/2025 2:12:00	8.7791	17.836
1,067	11/21/2025 2:13:00	8.7791	17.844
1,068	11/21/2025 2:14:00	8.7780	17.844
1,069	11/21/2025 2:15:00	8.7780	17.844
1,070	11/21/2025 2:16:00	8.7780	17.852
1,071	11/21/2025 2:17:00	8.7780	17.859
1,072	11/21/2025 2:18:00	8.7791	17.859
1,073	11/21/2025 2:19:00	8.7791	17.852
1,074	11/21/2025 2:20:00	8.7791	17.859
1,075	11/21/2025 2:21:00	8.7791	17.875
1,076	11/21/2025 2:22:00	8.7791	17.898
1,077	11/21/2025 2:23:00	8.7791	17.922
1,078	11/21/2025 2:24:00	8.7791	17.930
1,079	11/21/2025 2:25:00	8.7780	17.945
1,080	11/21/2025 2:26:00	8.7780	17.953
1,081	11/21/2025 2:27:00	8.7791	17.945
1,082	11/21/2025 2:28:00	8.7791	17.938
1,083	11/21/2025 2:29:00	8.7791	17.930
1,084	11/21/2025 2:30:00	8.7791	17.914
1,085	11/21/2025 2:31:00	8.7791	17.922
1,086	11/21/2025 2:32:00	8.7780	17.930
1,087	11/21/2025 2:33:00	8.7791	17.930
1,088	11/21/2025 2:34:00	8.7791	17.953
1,089	11/21/2025 2:35:00	8.7791	17.977
1,090	11/21/2025 2:36:00	8.7780	17.992
1,091	11/21/2025 2:37:00	8.7791	17.992
1,092	11/21/2025 2:38:00	8.7791	17.992
1,093	11/21/2025 2:39:00	8.7780	17.992
1,094	11/21/2025 2:40:00	8.7791	17.992
1,095	11/21/2025 2:41:00	8.7791	17.992
1,096	11/21/2025 2:42:00	8.7780	17.992
1,097	11/21/2025 2:43:00	8.7791	18.000
1,098	11/21/2025 2:44:00	8.7791	18.000
1,099	11/21/2025 2:45:00	8.7791	17.992
1,100	11/21/2025 2:46:00	8.7791	17.984
1,101	11/21/2025 2:47:00	8.7780	17.992
1,102	11/21/2025 2:48:00	8.7780	18.000
1,103	11/21/2025 2:49:00	8.7780	18.000
1,104	11/21/2025 2:50:00	8.7791	18.000
1,105	11/21/2025 2:51:00	8.7791	18.000
1,106	11/21/2025 2:52:00	8.7791	18.000
1,107	11/21/2025 2:53:00	8.7791	18.008
1,108	11/21/2025 2:54:00	8.7791	18.000
1,109	11/21/2025 2:55:00	8.7780	17.992
1,110	11/21/2025 2:56:00	8.7791	17.984
1,111	11/21/2025 2:57:00	8.7801	17.977
1,112	11/21/2025 2:58:00	8.7801	17.969
1,113	11/21/2025 2:59:00	8.7791	17.969
1,114	11/21/2025 3:00:00	8.7791	17.969
1,115	11/21/2025 3:01:00	8.7801	17.961
1,116	11/21/2025 3:02:00	8.7801	17.945
1,117	11/21/2025 3:03:00	8.7801	17.922
1,118	11/21/2025 3:04:00	8.7801	17.898
1,119	11/21/2025 3:05:00	8.7801	17.883
1,120	11/21/2025 3:06:00	8.7801	17.859
1,121	11/21/2025 3:07:00	8.7791	17.836
1,122	11/21/2025 3:08:00	8.7801	17.805
1,123	11/21/2025 3:09:00	8.7801	17.773
1,124	11/21/2025 3:10:00	8.7791	17.742
1,125	11/21/2025 3:11:00	8.7791	17.711
1,126	11/21/2025 3:12:00	8.7791	17.680
1,127	11/21/2025 3:13:00	8.7791	17.648
1,128	11/21/2025 3:14:00	8.7801	17.633
1,129	11/21/2025 3:15:00	8.7801	17.602
1,130	11/21/2025 3:16:00	8.7801	17.594
1,131	11/21/2025 3:17:00	8.7801	17.578
1,132	11/21/2025 3:18:00	8.7801	17.570
1,133	11/21/2025 3:19:00	8.7801	17.563
1,134	11/21/2025 3:20:00	8.7801	17.547
1,135	11/21/2025 3:21:00	8.7801	17.531
1,136	11/21/2025 3:22:00	8.7801	17.523
1,137	11/21/2025 3:23:00	8.7801	17.516
1,138	11/21/2025 3:24:00	8.7811	17.516
1,139	11/21/2025 3:25:00	8.7811	17.508
1,140	11/21/2025 3:26:00	8.7801	17.500
1,141	11/21/2025 3:27:00	8.7801	17.500
1,142	11/21/2025 3:28:00	8.7801	17.492
1,143	11/21/2025 3:29:00	8.7801	17.500
1,144	11/21/2025 3:30:00	8.7801	17.500
1,145	11/21/2025 3:31:00	8.7791	17.500
1,146	11/21/2025 3:32:00	8.7791	17.516
1,147	11/21/2025 3:33:00	8.7791	17.531
1,148	11/21/2025 3:34:00	8.7801	17.539
1,149	11/21/2025 3:35:00	8.7801	17.539
1,150	11/21/2025 3:36:00	8.7801	17.531
1,151	11/21/2025 3:37:00	8.7811	17.539
1,152	11/21/2025 3:38:00	8.7801	17.539
1,153	11/21/2025 3:39:00	8.7811	17.547
1,154	11/21/2025 3:40:00	8.7811	17.547
1,155	11/21/2025 3:41:00	8.7801	17.547
1,156	11/21/2025 3:42:00	8.7801	17.539
1,157	11/21/2025 3:43:00	8.7801	17.547
1,158	11/21/2025 3:44:00	8.7801	17.547
1,159	11/21/2025 3:45:00	8.7801	17.547
1,160	11/21/2025 3:46:00	8.7801	17.555
1,161	11/21/2025 3:47:00	8.7801	17.563
1,162	11/21/2025 3:48:00	8.7801	17.578
1,163	11/21/2025 3:49:00	8.7801	17.570
1,164	11/21/2025 3:50:00	8.7811	17.570
1,165	11/21/2025 3:51:00	8.7801	17.570
1,166	11/21/2025 3:52:00	8.7801	17.570
1,167	11/21/2025 3:53:00	8.7801	17.555
1,168	11/21/2025 3:54:00	8.7801	17.563
1,169	11/21/2025 3:55:00	8.7811	17.539
1,170	11/21/2025 3:56:00	8.7801	17.516
1,171	11/21/2025 3:57:00	8.7811	17.500
1,172	11/21/2025 3:58:00	8.7801	17.477
1,173	11/21/2025 3:59:00	8.7811	17.469
1,174	11/21/2025 4:00:00	8.7801	17.445
1,175	11/21/2025 4:01:00	8.7811	17.438
1,176	11/21/2025 4:02:00	8.7811	17.422
1,177	11/21/2025 4:03:00	8.7801	17.398
1,178	11/21/2025 4:04:00	8.7801	17.383
1,179	11/21/2025 4:05:00	8.7801	17.359
1,180	11/21/2025 4:06:00	8.7811	17.336
1,181	11/21/2025 4:07:00	8.7811	17.320
1,182	11/21/2025 4:08:00	8.7811	17.305
1,183	11/21/2025 4:09:00	8.7811	17.297
1,184	11/21/2025 4:10:00	8.7801	17.289
1,185	11/21/2025 4:11:00	8.7811	17.281
1,186	11/21/2025 4:12:00	8.7811	17.266
1,187	11/21/2025 4:13:00	8.7811	17.266
1,188	11/21/2025 4:14:00	8.7801	17.266
1,189	11/21/2025 4:15:00	8.7811	17.281
1,190	11/21/2025 4:16:00	8.7811	17.305
1,191	11/21/2025 4:17:00	8.7811	17.328
1,192	11/21/2025 4:18:00	8.7811	17.352
1,193	11/21/2025 4:19:00	8.7811	17.375
1,194	11/21/2025 4:20:00	8.7801	17.391
1,195	11/21/2025 4:21:00	8.7801	17.398
1,196	11/21/2025 4:22:00	8.7811	17.406
1,197	11/21/2025 4:23:00	8.7801	17.406
1,198	11/21/2025 4:24:00	8.7811	17.406
1,199	11/21/2025 4:25:00	8.7811	17.398
1,200	11/21/2025 4:26:00	8.7801	17.398
1,201	11/21/2025 4:27:00	8.7801	17.406
1,202	11/21/2025 4:28:00	8.7801	17.406
1,203	11/21/2025 4:29:00	8.7791	17.406
1,204	11/21/2025 4:30:00	8.7801	17.422
1,205	11/21/2025 4:31:00	8.7811	17.422
1,206	11/21/2025 4:32:00	8.7801	17.422
1,207	11/21/2025 4:33:00	8.7791	17.422
1,208	11/21/2025 4:34:00	8.7801	17.430
1,209	11/21/2025 4:35:00	8.7801	17.438
1,210	11/21/2025 4:36:00	8.7801	17.438
1,211	11/21/2025 4:37:00	8.7801	17.438
1,212	11/21/2025 4:38:00	8.7791	17.438
1,213	11/21/2025 4:39:00	8.7801	17.445
1,214	11/21/2025 4:40:00	8.7801	17.438
1,215	11/21/2025 4:41:00	8.7801	17.438
1,216	11/21/2025 4:42:00	8.7801	17.438
1,217	11/21/2025 4:43:00	8.7801	17.438
1,218	11/21/2025 4:44:00	8.7801	17.414
1,219	11/21/2025 4:45:00	8.7821	17.406
1,220	11/21/2025 4:46:00	8.7811	17.398
1,221	11/21/2025 4:47:00	8.7811	17.383
1,222	11/21/2025 4:48:00	8.7821	17.375
1,223	11/21/2025 4:49:00	8.7811	17.367
1,224	11/21/2025 4:50:00	8.7811	17.367
1,225	11/21/2025 4:51:00	8.7811	17.367
1,226	11/21/2025 4:52:00	8.7811	17.359
1,227	11/21/2025 4:53:00	8.7811	17.367
1,228	11/21/2025 4:54:00	8.7821	17.352
1,229	11/21/2025 4:55:00	8.7821	17.344
1,230	11/21/2025 4:56:00	8.7811	17.336
1,231	11/21/2025 4:57:00	8.7821	17.320
1,232	11/21/2025 4:58:00	8.7811	17.305
1,233	11/21/2025 4:59:00	8.7811	17.297
1,234	11/21/2025 5:00:00	8.7821	17.289
1,235	11/21/2025 5:01:00	8.7811	17.281
1,236	11/21/2025 5:02:00	8.7811	17.281
1,237	11/21/2025 5:03:00	8.7821	17.281
1,238	11/21/2025 5:04:00	8.7821	17.281
1,239	11/21/2025 5:05:00	8.7821	17.273
1,240	11/21/2025 5:06:00	8.7831	17.273
1,241	11/21/2025 5:07:00	8.7821	17.281
1,242	11/21/2025 5:08:00	8.7821	17.281
1,243	11/21/2025 5:09:00	8.7821	17.273
1,244	11/21/2025 5:10:00	8.7821	17.266
1,245	11/21/2025 5:11:00	8.7811	17.266
1,246	11/21/2025 5:12:00	8.7821	17.258
1,247	11/21/2025 5:13:00	8.7821	17.234
1,248	11/21/2025 5:14:00	8.7821	17.219
1,249	11/21/2025 5:15:00	8.7831	17.211
1,250	11/21/2025 5:16:00	8.7831	17.188
1,251	11/21/2025 5:17:00	8.7821	17.164
1,252	11/21/2025 5:18:00	8.7831	17.141
1,253	11/21/2025 5:19:00	8.7821	17.125
1,254	11/21/2025 5:20:00	8.7821	17.109
1,255	11/21/2025 5:21:00	8.7831	17.102
1,256	11/21/2025 5:22:00	8.7841	17.094
1,257	11/21/2025 5:23:00	8.7831	17.078
1,258	11/21/2025 5:24:00	8.7831	17.078
1,259	11/21/2025 5:25:00	8.7841	17.078
1,260	11/21/2025 5:26:00	8.7821	17.070
1,261	11/21/2025 5:27:00	8.7841	17.070
1,262	11/21/2025 5:28:00	8.7841	17.070
1,263	11/21/2025 5:29:00	8.7841	17.078
1,264	11/21/2025 5:30:00	8.7831	17.070
1,265	11/21/2025 5:31:00	8.7841	17.070
1,266	11/21/2025 5:32:00	8.7841	17.070
1,267	11/21/2025 5:33:00	8.7841	17.047
1,268	11/21/2025 5:34:00	8.7841	17.047
1,269	11/21/2025 5:35:00	8.7841	17.031
1,270	11/21/2025 5:36:00	8.7841	17.023
1,271	11/21/2025 5:37:00	8.7841	17.023
1,272	11/21/2025 5:38:00	8.7852	17.023
1,273	11/21/2025 5:39:00	8.7852	17.016
1,274	11/21/2025 5:40:00	8.7862	16.992
1,275	11/21/2025 5:41:00	8.7852	16.984
1,276	11/21/2025 5:42:00	8.7852	16.961
1,277	11/21/2025 5:43:00	8.7852	16.953
1,278	11/21/2025 5:44:00	8.7852	16.945
1,279	11/21/2025 5:45:00	8.7852	16.945
1,280	11/21/2025 5:46:00	8.7862	16.953
1,281	11/21/2025 5:47:00	8.7862	16.961
1,282	11/21/2025 5:48:00	8.7872	16.969
1,283	11/21/2025 5:49:00	8.7872	16.977
1,284	11/21/2025 5:50:00	8.7862	16.984
1,285	11/21/2025 5:51:00	8.7872	16.984
1,286	11/21/2025 5:52:00	8.7872	17.000
1,287	11/21/2025 5:53:00	8.7872	17.008
1,288	11/21/2025 5:54:00	8.7882	17.016
1,289	11/21/2025 5:55:00	8.7872	17.031
1,290	11/21/2025 5:56:00	8.7872	17.047
1,291	11/21/2025 5:57:00	8.7882	17.055
1,292	11/21/2025 5:58:00	8.7882	17.070
1,293	11/21/2025 5:59:00	8.7892	17.094
1,294	11/21/2025 6:00:00	8.7882	17.109
1,295	11/21/2025 6:01:00	8.7882	17.117
1,296	11/21/2025 6:02:00	8.7882	17.141
1,297	11/21/2025 6:03:00	8.7892	17.164
1,298	11/21/2025 6:04:00	8.7892	17.180
1,299	11/21/2025 6:05:00	8.7892	17.195
1,300	11/21/2025 6:06:00	8.7882	17.203
1,301	11/21/2025 6:07:00	8.7882	17.219
1,302	11/21/2025 6:08:00	8.7892	17.227
1,303	11/21/2025 6:09:00	8.7892	17.250
1,304	11/21/2025 6:10:00	8.7892	17.273
1,305	11/21/2025 6:11:00	8.7892	17.305
1,306	11/21/2025 6:12:00	8.7882	17.344
1,307	11/21/2025 6:13:00	8.7882	17.383
1,308	11/21/2025 6:14:00	8.7882	17.430
1,309	11/21/2025 6:15:00	8.7892	17.484
1,310	11/21/2025 6:16:00	8.7892	17.531
1,311	11/21/2025 6:17:00	8.7892	17.563
1,312	11/21/2025 6:18:00	8.7892	17.578
1,313	11/21/2025 6:19:00	8.7892	17.602
1,314	11/21/2025 6:20:00	8.7903	17.617
1,315	11/21/2025 6:21:00	8.7892	17.617
1,316	11/21/2025 6:22:00	8.7892	17.625
1,317	11/21/2025 6:23:00	8.7903	17.633
1,318	11/21/2025 6:24:00	8.7903	17.641
1,319	11/21/2025 6:25:00	8.7903	17.664
1,320	11/21/2025 6:26:00	8.7903	17.695
1,321	11/21/2025 6:27:00	8.7903	17.727
1,322	11/21/2025 6:28:00	8.7913	17.758
1,323	11/21/2025 6:29:00	8.7903	17.797
1,324	11/21/2025 6:30:00	8.7903	17.828
1,325	11/21/2025 6:31:00	8.7903	17.883
1,326	11/21/2025 6:32:00	8.7892	17.953
1,327	11/21/2025 6:33:00	8.7903	18.016
1,328	11/21/2025 6:34:00	8.7903	18.063
1,329	11/21/2025 6:35:00	8.7892	18.109
1,330	11/21/2025 6:36:00	8.7903	18.148
1,331	11/21/2025 6:37:00	8.7892	18.172
1,332	11/21/2025 6:38:00	8.7892	18.219
1,333	11/21/2025 6:39:00	8.7903	18.258
1,334	11/21/2025 6:40:00	8.7882	18.297
1,335	11/21/2025 6:41:00	8.7892	18.336
1,336	11/21/2025 6:42:00	8.7892	18.391
1,337	11/21/2025 6:43:00	8.7892	18.461
1,338	11/21/2025 6:44:00	8.7882	18.539
1,339	11/21/2025 6:45:00	8.7892	18.602
1,340	11/21/2025 6:46:00	8.7892	18.648
1,341	11/21/2025 6:47:00	8.7892	18.719
1,342	11/21/2025 6:48:00	8.7882	18.797
1,343	11/21/2025 6:49:00	8.7882	18.883
1,344	11/21/2025 6:50:00	8.7882	18.961
1,345	11/21/2025 6:51:00	8.7892	19.000
1,346	11/21/2025 6:52:00	8.7882	19.016
1,347	11/21/2025 6:53:00	8.7882	19.063
1,348	11/21/2025 6:54:00	8.7882	19.117
1,349	11/21/2025 6:55:00	8.7882	19.148
1,350	11/21/2025 6:56:00	8.7892	19.195
1,351	11/21/2025 6:57:00	8.7892	19.242
1,352	11/21/2025 6:58:00	8.7882	19.289
1,353	11/21/2025 6:59:00	8.7882	19.320
1,354	11/21/2025 7:00:00	8.7892	19.320
1,355	11/21/2025 7:01:00	8.7892	19.320
1,356	11/21/2025 7:02:00	8.7903	19.328
1,357	11/21/2025 7:03:00	8.7892	19.344
1,358	11/21/2025 7:04:00	8.7882	19.352
1,359	11/21/2025 7:05:00	8.7892	19.352
1,360	11/21/2025 7:06:00	8.7892	19.367
1,361	11/21/2025 7:07:00	8.7892	19.391
1,362	11/21/2025 7:08:00	8.7892	19.375
1,363	11/21/2025 7:09:00	8.7892	19.336
1,364	11/21/2025 7:10:00	8.7892	19.336
1,365	11/21/2025 7:11:00	8.7892	19.344
1,366	11/21/2025 7:12:00	8.7892	19.383
1,367	11/21/2025 7:13:00	8.7892	19.406
1,368	11/21/2025 7:14:00	8.7892	19.414
1,369	11/21/2025 7:15:00	8.7892	19.430
1,370	11/21/2025 7:16:00	8.7892	19.508
1,371	11/21/2025 7:17:00	8.7892	19.516
1,372	11/21/2025 7:18:00	8.7882	19.531
1,373	11/21/2025 7:19:00	8.7882	19.641
1,374	11/21/2025 7:20:00	8.7903	19.742
1,375	11/21/2025 7:21:00	8.7892	19.820
1,376	11/21/2025 7:22:00	8.7892	19.852
1,377	11/21/2025 7:23:00	8.7903	19.852
1,378	11/21/2025 7:24:00	8.7913	19.852
1,379	11/21/2025 7:25:00	8.7903	19.914
1,380	11/21/2025 7:26:00	8.7903	20.008
1,381	11/21/2025 7:27:00	8.7903	20.078
1,382	11/21/2025 7:28:00	8.7903	20.148
1,383	11/21/2025 7:29:00	8.7903	20.211
1,384	11/21/2025 7:30:00	8.7903	20.242
1,385	11/21/2025 7:31:00	8.7913	20.227
1,386	11/21/2025 7:32:00	8.7913	20.227
1,387	11/21/2025 7:33:00	8.7903	20.336
1,388	11/21/2025 7:34:00	8.7903	20.469
1,389	11/21/2025 7:35:00	8.7903	20.508
1,390	11/21/2025 7:36:00	8.7913	20.484
1,391	11/21/2025 7:37:00	8.7903	20.492
1,392	11/21/2025 7:38:00	8.7923	20.461
1,393	11/21/2025 7:39:00	8.7913	20.469
1,394	11/21/2025 7:40:00	8.7923	20.430
1,395	11/21/2025 7:41:00	8.7923	20.430
1,396	11/21/2025 7:42:00	8.7923	20.414
1,397	11/21/2025 7:43:00	8.7923	20.414
1,398	11/21/2025 7:44:00	8.7923	20.414
1,399	11/21/2025 7:45:00	8.7923	20.422
1,400	11/21/2025 7:46:00	8.7933	20.484
1,401	11/21/2025 7:47:00	8.7933	20.508
1,402	11/21/2025 7:48:00	8.7923	20.492
1,403	11/21/2025 7:49:00	8.7933	20.484
1,404	11/21/2025 7:50:00	8.7943	20.484
1,405	11/21/2025 7:51:00	8.7933	20.508
1,406	11/21/2025 7:52:00	8.7933	20.531
1,407	11/21/2025 7:53:00	8.7933	20.547
1,408	11/21/2025 7:54:00	8.7933	20.609
1,409	11/21/2025 7:55:00	8.7923	20.664
1,410	11/21/2025 7:56:00	8.7923	20.750
1,411	11/21/2025 7:57:00	8.7913	20.867
1,412	11/21/2025 7:58:00	8.7913	20.945
1,413	11/21/2025 7:59:00	8.7913	21.109
1,414	11/21/2025 8:00:00	8.7903	21.313
1,415	11/21/2025 8:01:00	8.7913	21.398
1,416	11/21/2025 8:02:00	8.7913	21.508
1,417	11/21/2025 8:03:00	8.7913	21.586
1,418	11/21/2025 8:04:00	8.7903	21.688
1,419	11/21/2025 8:05:00	8.7882	21.906
1,420	11/21/2025 8:06:00	8.7882	22.203
1,421	11/21/2025 8:07:00	8.7892	22.414
1,422	11/21/2025 8:08:00	8.7882	22.609
1,423	11/21/2025 8:09:00	8.7882	22.914
1,424	11/21/2025 8:10:00	8.7872	23.227
1,425	11/21/2025 8:11:00	8.7882	23.398
1,426	11/21/2025 8:12:00	8.7882	23.594
1,427	11/21/2025 8:13:00	8.7872	23.820
1,428	11/21/2025 8:14:00	8.7872	23.930
1,429	11/21/2025 8:15:00	8.7872	24.000
1,430	11/21/2025 8:16:00	8.7872	23.914
1,431	11/21/2025 8:17:00	8.7872	23.844
1,432	11/21/2025 8:18:00	8.7872	23.875
1,433	11/21/2025 8:19:00	8.7872	23.906
1,434	11/21/2025 8:20:00	8.7882	23.883
1,435	11/21/2025 8:21:00	8.7872	23.891
1,436	11/21/2025 8:22:00	8.7872	23.859
1,437	11/21/2025 8:23:00	8.7892	23.766
1,438	11/21/2025 8:24:00	8.7882	23.672
1,439	11/21/2025 8:25:00	8.7872	23.680
1,440	11/21/2025 8:26:00	8.7872	23.703
1,441	11/21/2025 8:27:00	8.7872	23.734
1,442	11/21/2025 8:28:00	8.7872	23.781
1,443	11/21/2025 8:29:00	8.7882	23.750
1,444	11/21/2025 8:30:00	8.7872	23.789
1,445	11/21/2025 8:31:00	8.7882	23.789
1,446	11/21/2025 8:32:00	8.7882	23.789
1,447	11/21/2025 8:33:00	8.7872	23.742
1,448	11/21/2025 8:34:00	8.7892	23.711
1,449	11/21/2025 8:35:00	8.7872	23.664
1,450	11/21/2025 8:36:00	8.7892	23.594
1,451	11/21/2025 8:37:00	8.7892	23.461
1,452	11/21/2025 8:38:00	8.7892	23.297
1,453	11/21/2025 8:39:00	8.7903	23.203
1,454	11/21/2025 8:40:00	8.7892	23.234
1,455	11/21/2025 8:41:00	8.7903	23.258
1,456	11/21/2025 8:42:00	8.7903	23.305
1,457	11/21/2025 8:43:00	8.7903	23.336
1,458	11/21/2025 8:44:00	8.7913	23.359
1,459	11/21/2025 8:45:00	8.7913	23.289
1,460	11/21/2025 8:46:00	8.7913	23.234
1,461	11/21/2025 8:47:00	8.7923	23.180
1,462	11/21/2025 8:48:00	8.7913	23.219
1,463	11/21/2025 8:49:00	8.7923	23.203
1,464	11/21/2025 8:50:00	8.7913	23.102
1,465	11/21/2025 8:51:00	8.7923	23.023
1,466	11/21/2025 8:52:00	8.7923	23.016
1,467	11/21/2025 8:53:00	8.7923	23.047
1,468	11/21/2025 8:54:00	8.7913	23.156
1,469	11/21/2025 8:55:00	8.7892	23.203
1,470	11/21/2025 8:56:00	8.7913	23.188
1,471	11/21/2025 8:57:00	8.7923	23.156
1,472	11/21/2025 8:58:00	8.7913	23.180
1,473	11/21/2025 8:59:00	8.7923	23.180
1,474	11/21/2025 9:00:00	8.7923	23.180
1,475	11/21/2025 9:01:00	8.7913	23.250
1,476	11/21/2025 9:02:00	8.7913	23.305
1,477	11/21/2025 9:03:00	8.7923	23.297
1,478	11/21/2025 9:04:00	8.7913	23.375
1,479	11/21/2025 9:05:00	8.7913	23.469
1,480	11/21/2025 9:06:00	8.7923	23.477
1,481	11/21/2025 9:07:00	8.7923	23.453
1,482	11/21/2025 9:08:00	8.7933	23.430
1,483	11/21/2025 9:09:00	8.7923	23.477
1,484	11/21/2025 9:10:00	8.7923	23.500
1,485	11/21/2025 9:11:00	8.7933	23.477
1,486	11/21/2025 9:12:00	8.7923	23.547
1,487	11/21/2025 9:13:00	8.7923	23.688
1,488	11/21/2025 9:14:00	8.7923	23.836
1,489	11/21/2025 9:15:00	8.7903	24.078
1,490	11/21/2025 9:16:00	8.7903	24.344
1,491	11/21/2025 9:17:00	8.7903	24.531
1,492	11/21/2025 9:18:00	8.7913	24.578
1,493	11/21/2025 9:19:00	8.7903	24.672
1,494	11/21/2025 9:20:00	8.7903	24.867
1,495	11/21/2025 9:21:00	8.7892	25.031
1,496	11/21/2025 9:22:00	8.7892	25.148
1,497	11/21/2025 9:23:00	8.7892	25.266
1,498	11/21/2025 9:24:00	8.7892	25.258
1,499	11/21/2025 9:25:00	8.7923	25.430
1,500	11/21/2025 9:26:00	8.7933	25.547
1,501	11/21/2025 9:27:00	8.7923	25.617
1,502	11/21/2025 9:28:00	8.7903	25.688
1,503	11/21/2025 9:29:00	8.7913	25.758
1,504	11/21/2025 9:30:00	8.7913	25.805
1,505	11/21/2025 9:31:00	8.7913	25.859
1,506	11/21/2025 9:32:00	8.7903	25.914
1,507	11/21/2025 9:33:00	8.7903	25.953
1,508	11/21/2025 9:34:00	8.7862	26.922
