Manufacturer,Heron Instruments
Device,bar-Log 128+
Logger ID,A16040
Project,APT PUMP TESTING
Deployment,MDW14
Location,Unavailable
Number of Readings,"1,572"
Time Zone,Lusaka (CAT 2:00)
Export Timestamp,10/11/2025 12:05:17
,
No,Date,Total Pressure (mH2O),Temperature (°C)
1,10/10/2025 9:52:44,8.8851,33.164
2,10/10/2025 9:53:00,8.8861,33.117
3,10/10/2025 9:54:00,8.8830,32.953
4,10/10/2025 9:55:00,8.8779,32.938
5,10/10/2025 9:56:00,8.8779,32.898
6,10/10/2025 9:57:00,8.8779,32.984
7,10/10/2025 9:58:00,8.8759,33.328
8,10/10/2025 9:59:00,8.8759,33.586
9,10/10/2025 10:00:00,8.8728,34.016
10,10/10/2025 10:01:00,8.8759,34.313
11,10/10/2025 10:02:00,8.8739,34.383
12,10/10/2025 10:03:00,8.8769,34.398
13,10/10/2025 10:04:00,8.8790,34.266
14,10/10/2025 10:05:00,8.8790,34.094
15,10/10/2025 10:06:00,8.8779,34.031
16,10/10/2025 10:07:00,8.8790,34.016
17,10/10/2025 10:08:00,8.8800,33.992
18,10/10/2025 10:09:00,8.8790,33.930
19,10/10/2025 10:10:00,8.8800,33.906
20,10/10/2025 10:11:00,8.8790,33.906
21,10/10/2025 10:12:00,8.8790,33.867
22,10/10/2025 10:13:00,8.8779,33.938
23,10/10/2025 10:14:00,8.8779,34.109
24,10/10/2025 10:15:00,8.8790,34.195
25,10/10/2025 10:16:00,8.8790,34.156
26,10/10/2025 10:17:00,8.8779,34.094
27,10/10/2025 10:18:00,8.8779,34.008
28,10/10/2025 10:19:00,8.8790,33.844
29,10/10/2025 10:20:00,8.8779,33.883
30,10/10/2025 10:21:00,8.8790,33.867
31,10/10/2025 10:22:00,8.8769,33.992
32,10/10/2025 10:23:00,8.8769,34.195
33,10/10/2025 10:24:00,8.8759,34.555
34,10/10/2025 10:25:00,8.8759,34.750
35,10/10/2025 10:26:00,8.8769,34.875
36,10/10/2025 10:27:00,8.8749,35.063
37,10/10/2025 10:28:00,8.8749,35.211
38,10/10/2025 10:29:00,8.8739,35.531
39,10/10/2025 10:30:00,8.8759,35.742
40,10/10/2025 10:31:00,8.8749,35.766
41,10/10/2025 10:32:00,8.8759,35.766
42,10/10/2025 10:33:00,8.8769,35.680
43,10/10/2025 10:34:00,8.8728,35.555
44,10/10/2025 10:35:00,8.8769,35.383
45,10/10/2025 10:36:00,8.8759,35.234
46,10/10/2025 10:37:00,8.8759,35.195
47,10/10/2025 10:38:00,8.8759,35.195
48,10/10/2025 10:39:00,8.8749,35.125
49,10/10/2025 10:40:00,8.8759,34.969
50,10/10/2025 10:41:00,8.8739,34.852
51,10/10/2025 10:42:00,8.8739,34.813
52,10/10/2025 10:43:00,8.8739,34.789
53,10/10/2025 10:44:00,8.8739,35.000
54,10/10/2025 10:45:00,8.8759,34.977
55,10/10/2025 10:46:00,8.8749,34.938
56,10/10/2025 10:47:00,8.8749,34.828
57,10/10/2025 10:48:00,8.8739,34.875
58,10/10/2025 10:49:00,8.8739,35.063
59,10/10/2025 10:50:00,8.8708,35.258
60,10/10/2025 10:51:00,8.8698,35.680
61,10/10/2025 10:52:00,8.8708,36.008
62,10/10/2025 10:53:00,8.8718,36.266
63,10/10/2025 10:54:00,8.8677,36.742
64,10/10/2025 10:55:00,8.8688,37.250
65,10/10/2025 10:56:00,8.8667,37.539
66,10/10/2025 10:57:00,8.8688,37.523
67,10/10/2025 10:58:00,8.8698,37.000
68,10/10/2025 10:59:00,8.8718,36.461
69,10/10/2025 11:00:00,8.8718,36.039
70,10/10/2025 11:01:00,8.8698,35.781
71,10/10/2025 11:02:00,8.8728,35.398
72,10/10/2025 11:03:00,8.8728,34.953
73,10/10/2025 11:04:00,8.8728,34.719
74,10/10/2025 11:05:00,8.8718,34.672
75,10/10/2025 11:06:00,8.8718,34.641
76,10/10/2025 11:07:00,8.8708,34.563
77,10/10/2025 11:08:00,8.8718,34.516
78,10/10/2025 11:09:00,8.8698,34.438
79,10/10/2025 11:10:00,8.8739,34.383
80,10/10/2025 11:11:00,8.8708,34.195
81,10/10/2025 11:12:00,8.8708,34.031
82,10/10/2025 11:13:00,8.8708,33.797
83,10/10/2025 11:14:00,8.8698,33.578
84,10/10/2025 11:15:00,8.8718,33.531
85,10/10/2025 11:16:00,8.8718,33.383
86,10/10/2025 11:17:00,8.8698,33.219
87,10/10/2025 11:18:00,8.8718,33.063
88,10/10/2025 11:19:00,8.8718,32.953
89,10/10/2025 11:20:00,8.8708,32.930
90,10/10/2025 11:21:00,8.8708,33.008
91,10/10/2025 11:22:00,8.8698,32.930
92,10/10/2025 11:23:00,8.8677,32.922
93,10/10/2025 11:24:00,8.8688,33.133
94,10/10/2025 11:25:00,8.8677,33.430
95,10/10/2025 11:26:00,8.8667,33.719
96,10/10/2025 11:27:00,8.8677,33.906
97,10/10/2025 11:28:00,8.8688,34.031
98,10/10/2025 11:29:00,8.8667,34.078
99,10/10/2025 11:30:00,8.8667,34.070
100,10/10/2025 11:31:00,8.8667,34.031
101,10/10/2025 11:32:00,8.8667,34.047
102,10/10/2025 11:33:00,8.8688,33.914
103,10/10/2025 11:34:00,8.8677,33.563
104,10/10/2025 11:35:00,8.8677,33.258
105,10/10/2025 11:36:00,8.8667,33.039
106,10/10/2025 11:37:00,8.8698,32.898
107,10/10/2025 11:38:00,8.8677,32.781
108,10/10/2025 11:39:00,8.8688,32.734
109,10/10/2025 11:40:00,8.8657,32.820
110,10/10/2025 11:41:00,8.8657,32.961
111,10/10/2025 11:42:00,8.8657,33.055
112,10/10/2025 11:43:00,8.8647,33.125
113,10/10/2025 11:44:00,8.8667,33.172
114,10/10/2025 11:45:00,8.8637,33.258
115,10/10/2025 11:46:00,8.8657,33.367
116,10/10/2025 11:47:00,8.8657,33.484
117,10/10/2025 11:48:00,8.8657,33.508
118,10/10/2025 11:49:00,8.8637,33.422
119,10/10/2025 11:50:00,8.8647,33.383
120,10/10/2025 11:51:00,8.8626,33.414
121,10/10/2025 11:52:00,8.8616,33.672
122,10/10/2025 11:53:00,8.8606,34.195
123,10/10/2025 11:54:00,8.8596,34.469
124,10/10/2025 11:55:00,8.8586,34.734
125,10/10/2025 11:56:00,8.8596,34.797
126,10/10/2025 11:57:00,8.8606,34.719
127,10/10/2025 11:58:00,8.8606,34.469
128,10/10/2025 11:59:00,8.8616,34.328
129,10/10/2025 12:00:00,8.8596,34.250
130,10/10/2025 12:01:00,8.8596,34.102
131,10/10/2025 12:02:00,8.8616,33.961
132,10/10/2025 12:03:00,8.8596,33.781
133,10/10/2025 12:04:00,8.8606,33.719
134,10/10/2025 12:05:00,8.8586,33.820
135,10/10/2025 12:06:00,8.8586,34.016
136,10/10/2025 12:07:00,8.8596,34.219
137,10/10/2025 12:08:00,8.8565,34.391
138,10/10/2025 12:09:00,8.8575,34.383
139,10/10/2025 12:10:00,8.8575,34.305
140,10/10/2025 12:11:00,8.8575,34.156
141,10/10/2025 12:12:00,8.8586,34.031
142,10/10/2025 12:13:00,8.8586,34.008
143,10/10/2025 12:14:00,8.8586,33.953
144,10/10/2025 12:15:00,8.8586,33.852
145,10/10/2025 12:16:00,8.8575,34.023
146,10/10/2025 12:17:00,8.8565,34.273
147,10/10/2025 12:18:00,8.8555,34.359
148,10/10/2025 12:19:00,8.8545,34.445
149,10/10/2025 12:20:00,8.8524,34.734
150,10/10/2025 12:21:00,8.8535,35.055
151,10/10/2025 12:22:00,8.8555,35.203
152,10/10/2025 12:23:00,8.8555,35.039
153,10/10/2025 12:24:00,8.8555,34.844
154,10/10/2025 12:25:00,8.8555,34.766
155,10/10/2025 12:26:00,8.8524,34.773
156,10/10/2025 12:27:00,8.8535,34.742
157,10/10/2025 12:28:00,8.8545,34.828
158,10/10/2025 12:29:00,8.8545,34.852
159,10/10/2025 12:30:00,8.8535,34.750
160,10/10/2025 12:31:00,8.8524,34.664
161,10/10/2025 12:32:00,8.8535,34.766
162,10/10/2025 12:33:00,8.8555,34.734
163,10/10/2025 12:34:00,8.8524,34.594
164,10/10/2025 12:35:00,8.8535,34.508
165,10/10/2025 12:36:00,8.8524,34.492
166,10/10/2025 12:37:00,8.8524,34.570
167,10/10/2025 12:38:00,8.8514,34.695
168,10/10/2025 12:39:00,8.8514,34.875
169,10/10/2025 12:40:00,8.8484,35.352
170,10/10/2025 12:41:00,8.8484,35.672
171,10/10/2025 12:42:00,8.8504,35.750
172,10/10/2025 12:43:00,8.8494,35.625
173,10/10/2025 12:44:00,8.8494,35.438
174,10/10/2025 12:45:00,8.8504,35.250
175,10/10/2025 12:46:00,8.8494,35.047
176,10/10/2025 12:47:00,8.8494,35.094
177,10/10/2025 12:48:00,8.8494,35.234
178,10/10/2025 12:49:00,8.8504,35.242
179,10/10/2025 12:50:00,8.8494,35.203
180,10/10/2025 12:51:00,8.8514,35.094
181,10/10/2025 12:52:00,8.8484,35.125
182,10/10/2025 12:53:00,8.8474,35.656
183,10/10/2025 12:54:00,8.8453,36.391
184,10/10/2025 12:55:00,8.8463,36.656
185,10/10/2025 12:56:00,8.8474,36.703
186,10/10/2025 12:57:00,8.8463,36.461
187,10/10/2025 12:58:00,8.8484,36.266
188,10/10/2025 12:59:00,8.8453,36.266
189,10/10/2025 13:00:00,8.8453,36.477
190,10/10/2025 13:01:00,8.8443,36.547
191,10/10/2025 13:02:00,8.8474,36.484
192,10/10/2025 13:03:00,8.8453,36.422
193,10/10/2025 13:04:00,8.8453,36.391
194,10/10/2025 13:05:00,8.8453,36.422
195,10/10/2025 13:06:00,8.8484,36.180
196,10/10/2025 13:07:00,8.8474,35.977
197,10/10/2025 13:08:00,8.8453,35.891
198,10/10/2025 13:09:00,8.8423,36.109
199,10/10/2025 13:10:00,8.8423,36.773
200,10/10/2025 13:11:00,8.8382,37.609
201,10/10/2025 13:12:00,8.8372,38.375
202,10/10/2025 13:13:00,8.8382,38.977
203,10/10/2025 13:14:00,8.8382,39.570
204,10/10/2025 13:15:00,8.8382,39.820
205,10/10/2025 13:16:00,8.8412,39.719
206,10/10/2025 13:17:00,8.8423,39.586
207,10/10/2025 13:18:00,8.8443,39.305
208,10/10/2025 13:19:00,8.8392,39.172
209,10/10/2025 13:20:00,8.8402,38.945
210,10/10/2025 13:21:00,8.8382,38.758
211,10/10/2025 13:22:00,8.8402,38.930
212,10/10/2025 13:23:00,8.8392,39.219
213,10/10/2025 13:24:00,8.8402,39.344
214,10/10/2025 13:25:00,8.8423,39.250
215,10/10/2025 13:26:00,8.8423,38.945
216,10/10/2025 13:27:00,8.8423,38.703
217,10/10/2025 13:28:00,8.8423,38.539
218,10/10/2025 13:29:00,8.8392,38.703
219,10/10/2025 13:30:00,8.8392,38.742
220,10/10/2025 13:31:00,8.8402,38.680
221,10/10/2025 13:32:00,8.8392,38.617
222,10/10/2025 13:33:00,8.8382,38.727
223,10/10/2025 13:34:00,8.8382,39.070
224,10/10/2025 13:35:00,8.8392,39.188
225,10/10/2025 13:36:00,8.8402,38.852
226,10/10/2025 13:37:00,8.8382,38.422
227,10/10/2025 13:38:00,8.8372,38.203
228,10/10/2025 13:39:00,8.8392,38.273
229,10/10/2025 13:40:00,8.8361,38.477
230,10/10/2025 13:41:00,8.8351,38.813
231,10/10/2025 13:42:00,8.8372,39.195
232,10/10/2025 13:43:00,8.8341,39.414
233,10/10/2025 13:44:00,8.8361,39.758
234,10/10/2025 13:45:00,8.8372,39.695
235,10/10/2025 13:46:00,8.8372,39.211
236,10/10/2025 13:47:00,8.8382,38.836
237,10/10/2025 13:48:00,8.8351,38.617
238,10/10/2025 13:49:00,8.8372,38.445
239,10/10/2025 13:50:00,8.8372,38.188
240,10/10/2025 13:51:00,8.8382,37.773
241,10/10/2025 13:52:00,8.8361,37.688
242,10/10/2025 13:53:00,8.8351,37.703
243,10/10/2025 13:54:00,8.8361,37.711
244,10/10/2025 13:55:00,8.8361,37.656
245,10/10/2025 13:56:00,8.8382,37.453
246,10/10/2025 13:57:00,8.8372,37.164
247,10/10/2025 13:58:00,8.8372,37.086
248,10/10/2025 13:59:00,8.8341,37.367
249,10/10/2025 14:00:00,8.8331,37.703
250,10/10/2025 14:01:00,8.8351,37.883
251,10/10/2025 14:02:00,8.8361,37.859
252,10/10/2025 14:03:00,8.8351,37.703
253,10/10/2025 14:04:00,8.8361,37.664
254,10/10/2025 14:05:00,8.8372,37.539
255,10/10/2025 14:06:00,8.8361,37.477
256,10/10/2025 14:07:00,8.8361,37.445
257,10/10/2025 14:08:00,8.8351,37.484
258,10/10/2025 14:09:00,8.8331,37.547
259,10/10/2025 14:10:00,8.8331,37.555
260,10/10/2025 14:11:00,8.8341,37.586
261,10/10/2025 14:12:00,8.8372,37.422
262,10/10/2025 14:13:00,8.8361,37.148
263,10/10/2025 14:14:00,8.8372,36.914
264,10/10/2025 14:15:00,8.8372,36.828
265,10/10/2025 14:16:00,8.8341,36.859
266,10/10/2025 14:17:00,8.8331,37.164
267,10/10/2025 14:18:00,8.8321,37.672
268,10/10/2025 14:19:00,8.8300,37.961
269,10/10/2025 14:20:00,8.8321,38.219
270,10/10/2025 14:21:00,8.8300,38.563
271,10/10/2025 14:22:00,8.8310,38.906
272,10/10/2025 14:23:00,8.8331,38.969
273,10/10/2025 14:24:00,8.8290,39.117
274,10/10/2025 14:25:00,8.8300,39.391
275,10/10/2025 14:26:00,8.8290,39.688
276,10/10/2025 14:27:00,8.8290,39.742
277,10/10/2025 14:28:00,8.8310,39.703
278,10/10/2025 14:29:00,8.8321,39.266
279,10/10/2025 14:30:00,8.8321,38.914
280,10/10/2025 14:31:00,8.8321,38.656
281,10/10/2025 14:32:00,8.8331,38.438
282,10/10/2025 14:33:00,8.8341,38.102
283,10/10/2025 14:34:00,8.8341,37.680
284,10/10/2025 14:35:00,8.8331,37.383
285,10/10/2025 14:36:00,8.8321,37.297
286,10/10/2025 14:37:00,8.8321,37.383
287,10/10/2025 14:38:00,8.8321,37.438
288,10/10/2025 14:39:00,8.8321,37.234
289,10/10/2025 14:40:00,8.8310,37.117
290,10/10/2025 14:41:00,8.8310,37.141
291,10/10/2025 14:42:00,8.8310,37.086
292,10/10/2025 14:43:00,8.8310,36.898
293,10/10/2025 14:44:00,8.8310,36.820
294,10/10/2025 14:45:00,8.8300,36.961
295,10/10/2025 14:46:00,8.8270,37.297
296,10/10/2025 14:47:00,8.8280,37.758
297,10/10/2025 14:48:00,8.8270,38.344
298,10/10/2025 14:49:00,8.8300,38.648
299,10/10/2025 14:50:00,8.8300,38.688
300,10/10/2025 14:51:00,8.8300,38.727
301,10/10/2025 14:52:00,8.8270,38.734
302,10/10/2025 14:53:00,8.8300,38.664
303,10/10/2025 14:54:00,8.8300,38.219
304,10/10/2025 14:55:00,8.8300,37.805
305,10/10/2025 14:56:00,8.8300,37.602
306,10/10/2025 14:57:00,8.8310,37.406
307,10/10/2025 14:58:00,8.8331,37.156
308,10/10/2025 14:59:00,8.8321,36.836
309,10/10/2025 15:00:00,8.8310,36.500
310,10/10/2025 15:01:00,8.8310,36.258
311,10/10/2025 15:02:00,8.8321,36.063
312,10/10/2025 15:03:00,8.8321,35.914
313,10/10/2025 15:04:00,8.8341,35.898
314,10/10/2025 15:05:00,8.8321,36.117
315,10/10/2025 15:06:00,8.8290,36.422
316,10/10/2025 15:07:00,8.8321,36.555
317,10/10/2025 15:08:00,8.8310,36.711
318,10/10/2025 15:09:00,8.8310,36.852
319,10/10/2025 15:10:00,8.8300,37.180
320,10/10/2025 15:11:00,8.8300,37.398
321,10/10/2025 15:12:00,8.8280,37.625
322,10/10/2025 15:13:00,8.8280,37.875
323,10/10/2025 15:14:00,8.8290,38.125
324,10/10/2025 15:15:00,8.8280,38.234
325,10/10/2025 15:16:00,8.8270,38.523
326,10/10/2025 15:17:00,8.8270,38.719
327,10/10/2025 15:18:00,8.8290,38.695
328,10/10/2025 15:19:00,8.8290,38.289
329,10/10/2025 15:20:00,8.8290,37.805
330,10/10/2025 15:21:00,8.8300,37.563
331,10/10/2025 15:22:00,8.8290,37.273
332,10/10/2025 15:23:00,8.8300,36.984
333,10/10/2025 15:24:00,8.8321,36.484
334,10/10/2025 15:25:00,8.8321,35.891
335,10/10/2025 15:26:00,8.8331,35.438
336,10/10/2025 15:27:00,8.8341,35.055
337,10/10/2025 15:28:00,8.8331,34.773
338,10/10/2025 15:29:00,8.8321,34.695
339,10/10/2025 15:30:00,8.8321,34.711
340,10/10/2025 15:31:00,8.8321,34.828
341,10/10/2025 15:32:00,8.8321,34.906
342,10/10/2025 15:33:00,8.8310,34.891
343,10/10/2025 15:34:00,8.8310,34.844
344,10/10/2025 15:35:00,8.8321,34.719
345,10/10/2025 15:36:00,8.8321,34.625
346,10/10/2025 15:37:00,8.8321,34.516
347,10/10/2025 15:38:00,8.8310,34.438
348,10/10/2025 15:39:00,8.8331,34.359
349,10/10/2025 15:40:00,8.8310,34.227
350,10/10/2025 15:41:00,8.8321,34.078
351,10/10/2025 15:42:00,8.8310,33.977
352,10/10/2025 15:43:00,8.8321,33.906
353,10/10/2025 15:44:00,8.8321,33.906
354,10/10/2025 15:45:00,8.8321,33.906
355,10/10/2025 15:46:00,8.8321,33.891
356,10/10/2025 15:47:00,8.8321,33.859
357,10/10/2025 15:48:00,8.8310,33.789
358,10/10/2025 15:49:00,8.8331,33.688
359,10/10/2025 15:50:00,8.8321,33.586
360,10/10/2025 15:51:00,8.8310,33.508
361,10/10/2025 15:52:00,8.8331,33.445
362,10/10/2025 15:53:00,8.8310,33.398
363,10/10/2025 15:54:00,8.8321,33.414
364,10/10/2025 15:55:00,8.8310,33.500
365,10/10/2025 15:56:00,8.8310,33.602
366,10/10/2025 15:57:00,8.8321,33.734
367,10/10/2025 15:58:00,8.8310,33.852
368,10/10/2025 15:59:00,8.8331,33.883
369,10/10/2025 16:00:00,8.8310,33.883
370,10/10/2025 16:01:00,8.8300,33.844
371,10/10/2025 16:02:00,8.8310,33.875
372,10/10/2025 16:03:00,8.8321,33.906
373,10/10/2025 16:04:00,8.8310,33.906
374,10/10/2025 16:05:00,8.8300,33.953
375,10/10/2025 16:06:00,8.8310,34.039
376,10/10/2025 16:07:00,8.8300,34.117
377,10/10/2025 16:08:00,8.8300,34.180
378,10/10/2025 16:09:00,8.8300,34.195
379,10/10/2025 16:10:00,8.8310,34.148
380,10/10/2025 16:11:00,8.8310,34.148
381,10/10/2025 16:12:00,8.8300,34.180
382,10/10/2025 16:13:00,8.8300,34.164
383,10/10/2025 16:14:00,8.8300,34.141
384,10/10/2025 16:15:00,8.8300,34.086
385,10/10/2025 16:16:00,8.8310,34.047
386,10/10/2025 16:17:00,8.8310,33.984
387,10/10/2025 16:18:00,8.8300,33.922
388,10/10/2025 16:19:00,8.8300,33.875
389,10/10/2025 16:20:00,8.8310,33.867
390,10/10/2025 16:21:00,8.8300,33.844
391,10/10/2025 16:22:00,8.8310,33.797
392,10/10/2025 16:23:00,8.8290,33.797
393,10/10/2025 16:24:00,8.8290,33.789
394,10/10/2025 16:25:00,8.8310,33.813
395,10/10/2025 16:26:00,8.8300,33.797
396,10/10/2025 16:27:00,8.8300,33.789
397,10/10/2025 16:28:00,8.8310,33.773
398,10/10/2025 16:29:00,8.8300,33.734
399,10/10/2025 16:30:00,8.8300,33.734
400,10/10/2025 16:31:00,8.8310,33.758
401,10/10/2025 16:32:00,8.8290,33.820
402,10/10/2025 16:33:00,8.8300,33.914
403,10/10/2025 16:34:00,8.8310,33.961
404,10/10/2025 16:35:00,8.8310,33.930
405,10/10/2025 16:36:00,8.8300,33.922
406,10/10/2025 16:37:00,8.8290,33.836
407,10/10/2025 16:38:00,8.8321,33.734
408,10/10/2025 16:39:00,8.8310,33.641
409,10/10/2025 16:40:00,8.8300,33.555
410,10/10/2025 16:41:00,8.8310,33.508
411,10/10/2025 16:42:00,8.8310,33.469
412,10/10/2025 16:43:00,8.8310,33.406
413,10/10/2025 16:44:00,8.8310,33.305
414,10/10/2025 16:45:00,8.8300,33.211
415,10/10/2025 16:46:00,8.8310,33.109
416,10/10/2025 16:47:00,8.8321,33.023
417,10/10/2025 16:48:00,8.8310,32.969
418,10/10/2025 16:49:00,8.8300,32.930
419,10/10/2025 16:50:00,8.8321,32.891
420,10/10/2025 16:51:00,8.8310,32.867
421,10/10/2025 16:52:00,8.8321,32.836
422,10/10/2025 16:53:00,8.8300,32.789
423,10/10/2025 16:54:00,8.8310,32.750
424,10/10/2025 16:55:00,8.8310,32.711
425,10/10/2025 16:56:00,8.8321,32.656
426,10/10/2025 16:57:00,8.8310,32.609
427,10/10/2025 16:58:00,8.8300,32.578
428,10/10/2025 16:59:00,8.8300,32.563
429,10/10/2025 17:00:00,8.8310,32.547
430,10/10/2025 17:01:00,8.8321,32.539
431,10/10/2025 17:02:00,8.8300,32.508
432,10/10/2025 17:03:00,8.8310,32.484
433,10/10/2025 17:04:00,8.8321,32.438
434,10/10/2025 17:05:00,8.8310,32.391
435,10/10/2025 17:06:00,8.8310,32.367
436,10/10/2025 17:07:00,8.8310,32.344
437,10/10/2025 17:08:00,8.8310,32.320
438,10/10/2025 17:09:00,8.8321,32.289
439,10/10/2025 17:10:00,8.8321,32.281
440,10/10/2025 17:11:00,8.8300,32.281
441,10/10/2025 17:12:00,8.8310,32.281
442,10/10/2025 17:13:00,8.8310,32.273
443,10/10/2025 17:14:00,8.8331,32.242
444,10/10/2025 17:15:00,8.8310,32.203
445,10/10/2025 17:16:00,8.8310,32.164
446,10/10/2025 17:17:00,8.8321,32.133
447,10/10/2025 17:18:00,8.8310,32.102
448,10/10/2025 17:19:00,8.8331,32.070
449,10/10/2025 17:20:00,8.8321,32.039
450,10/10/2025 17:21:00,8.8321,32.008
451,10/10/2025 17:22:00,8.8310,31.977
452,10/10/2025 17:23:00,8.8331,31.961
453,10/10/2025 17:24:00,8.8321,31.953
454,10/10/2025 17:25:00,8.8321,31.930
455,10/10/2025 17:26:00,8.8321,31.906
456,10/10/2025 17:27:00,8.8321,31.875
457,10/10/2025 17:28:00,8.8321,31.836
458,10/10/2025 17:29:00,8.8321,31.820
459,10/10/2025 17:30:00,8.8331,31.797
460,10/10/2025 17:31:00,8.8331,31.766
461,10/10/2025 17:32:00,8.8310,31.742
462,10/10/2025 17:33:00,8.8331,31.711
463,10/10/2025 17:34:00,8.8321,31.680
464,10/10/2025 17:35:00,8.8331,31.641
465,10/10/2025 17:36:00,8.8331,31.617
466,10/10/2025 17:37:00,8.8331,31.594
467,10/10/2025 17:38:00,8.8331,31.563
468,10/10/2025 17:39:00,8.8331,31.555
469,10/10/2025 17:40:00,8.8331,31.539
470,10/10/2025 17:41:00,8.8341,31.539
471,10/10/2025 17:42:00,8.8341,31.555
472,10/10/2025 17:43:00,8.8331,31.539
473,10/10/2025 17:44:00,8.8351,31.539
474,10/10/2025 17:45:00,8.8341,31.523
475,10/10/2025 17:46:00,8.8331,31.492
476,10/10/2025 17:47:00,8.8341,31.453
477,10/10/2025 17:48:00,8.8341,31.414
478,10/10/2025 17:49:00,8.8341,31.375
479,10/10/2025 17:50:00,8.8351,31.336
480,10/10/2025 17:51:00,8.8341,31.313
481,10/10/2025 17:52:00,8.8341,31.281
482,10/10/2025 17:53:00,8.8341,31.250
483,10/10/2025 17:54:00,8.8341,31.234
484,10/10/2025 17:55:00,8.8341,31.211
485,10/10/2025 17:56:00,8.8351,31.195
486,10/10/2025 17:57:00,8.8351,31.188
487,10/10/2025 17:58:00,8.8351,31.164
488,10/10/2025 17:59:00,8.8361,31.133
489,10/10/2025 18:00:00,8.8361,31.117
490,10/10/2025 18:01:00,8.8351,31.094
491,10/10/2025 18:02:00,8.8351,31.063
492,10/10/2025 18:03:00,8.8361,31.039
493,10/10/2025 18:04:00,8.8351,31.008
494,10/10/2025 18:05:00,8.8351,30.977
495,10/10/2025 18:06:00,8.8361,30.945
496,10/10/2025 18:07:00,8.8361,30.914
497,10/10/2025 18:08:00,8.8351,30.906
498,10/10/2025 18:09:00,8.8361,30.875
499,10/10/2025 18:10:00,8.8351,30.859
500,10/10/2025 18:11:00,8.8382,30.836
501,10/10/2025 18:12:00,8.8361,30.828
502,10/10/2025 18:13:00,8.8351,30.813
503,10/10/2025 18:14:00,8.8372,30.789
504,10/10/2025 18:15:00,8.8361,30.781
505,10/10/2025 18:16:00,8.8361,30.750
506,10/10/2025 18:17:00,8.8361,30.703
507,10/10/2025 18:18:00,8.8372,30.664
508,10/10/2025 18:19:00,8.8361,30.625
509,10/10/2025 18:20:00,8.8361,30.594
510,10/10/2025 18:21:00,8.8361,30.578
511,10/10/2025 18:22:00,8.8351,30.555
512,10/10/2025 18:23:00,8.8382,30.539
513,10/10/2025 18:24:00,8.8361,30.523
514,10/10/2025 18:25:00,8.8372,30.516
515,10/10/2025 18:26:00,8.8372,30.508
516,10/10/2025 18:27:00,8.8372,30.508
517,10/10/2025 18:28:00,8.8372,30.477
518,10/10/2025 18:29:00,8.8372,30.453
519,10/10/2025 18:30:00,8.8382,30.438
520,10/10/2025 18:31:00,8.8382,30.430
521,10/10/2025 18:32:00,8.8361,30.414
522,10/10/2025 18:33:00,8.8372,30.391
523,10/10/2025 18:34:00,8.8382,30.375
524,10/10/2025 18:35:00,8.8382,30.336
525,10/10/2025 18:36:00,8.8372,30.289
526,10/10/2025 18:37:00,8.8392,30.258
527,10/10/2025 18:38:00,8.8392,30.203
528,10/10/2025 18:39:00,8.8382,30.180
529,10/10/2025 18:40:00,8.8392,30.164
530,10/10/2025 18:41:00,8.8392,30.125
531,10/10/2025 18:42:00,8.8392,30.094
532,10/10/2025 18:43:00,8.8382,30.063
533,10/10/2025 18:44:00,8.8392,30.031
534,10/10/2025 18:45:00,8.8392,30.000
535,10/10/2025 18:46:00,8.8402,29.977
536,10/10/2025 18:47:00,8.8402,29.961
537,10/10/2025 18:48:00,8.8402,29.938
538,10/10/2025 18:49:00,8.8392,29.922
539,10/10/2025 18:50:00,8.8402,29.906
540,10/10/2025 18:51:00,8.8392,29.891
541,10/10/2025 18:52:00,8.8392,29.867
542,10/10/2025 18:53:00,8.8412,29.820
543,10/10/2025 18:54:00,8.8412,29.773
544,10/10/2025 18:55:00,8.8392,29.742
545,10/10/2025 18:56:00,8.8392,29.711
546,10/10/2025 18:57:00,8.8402,29.680
547,10/10/2025 18:58:00,8.8402,29.680
548,10/10/2025 18:59:00,8.8392,29.648
549,10/10/2025 19:00:00,8.8412,29.602
550,10/10/2025 19:01:00,8.8412,29.547
551,10/10/2025 19:02:00,8.8412,29.484
552,10/10/2025 19:03:00,8.8423,29.422
553,10/10/2025 19:04:00,8.8412,29.359
554,10/10/2025 19:05:00,8.8423,29.289
555,10/10/2025 19:06:00,8.8423,29.234
556,10/10/2025 19:07:00,8.8423,29.211
557,10/10/2025 19:08:00,8.8423,29.180
558,10/10/2025 19:09:00,8.8412,29.180
559,10/10/2025 19:10:00,8.8423,29.188
560,10/10/2025 19:11:00,8.8423,29.188
561,10/10/2025 19:12:00,8.8423,29.148
562,10/10/2025 19:13:00,8.8433,29.070
563,10/10/2025 19:14:00,8.8433,28.977
564,10/10/2025 19:15:00,8.8423,28.922
565,10/10/2025 19:16:00,8.8433,28.883
566,10/10/2025 19:17:00,8.8433,28.844
567,10/10/2025 19:18:00,8.8453,28.813
568,10/10/2025 19:19:00,8.8433,28.813
569,10/10/2025 19:20:00,8.8433,28.813
570,10/10/2025 19:21:00,8.8433,28.797
571,10/10/2025 19:22:00,8.8443,28.750
572,10/10/2025 19:23:00,8.8453,28.648
573,10/10/2025 19:24:00,8.8443,28.516
574,10/10/2025 19:25:00,8.8463,28.422
575,10/10/2025 19:26:00,8.8453,28.297
576,10/10/2025 19:27:00,8.8453,28.180
577,10/10/2025 19:28:00,8.8463,28.039
578,10/10/2025 19:29:00,8.8463,27.906
579,10/10/2025 19:30:00,8.8463,27.766
580,10/10/2025 19:31:00,8.8463,27.641
581,10/10/2025 19:32:00,8.8474,27.531
582,10/10/2025 19:33:00,8.8463,27.453
583,10/10/2025 19:34:00,8.8474,27.375
584,10/10/2025 19:35:00,8.8474,27.289
585,10/10/2025 19:36:00,8.8474,27.180
586,10/10/2025 19:37:00,8.8474,27.055
587,10/10/2025 19:38:00,8.8474,26.922
588,10/10/2025 19:39:00,8.8484,26.773
589,10/10/2025 19:40:00,8.8484,26.625
590,10/10/2025 19:41:00,8.8494,26.484
591,10/10/2025 19:42:00,8.8484,26.359
592,10/10/2025 19:43:00,8.8484,26.281
593,10/10/2025 19:44:00,8.8494,26.195
594,10/10/2025 19:45:00,8.8494,26.109
595,10/10/2025 19:46:00,8.8504,26.039
596,10/10/2025 19:47:00,8.8494,25.961
597,10/10/2025 19:48:00,8.8494,25.898
598,10/10/2025 19:49:00,8.8504,25.844
599,10/10/2025 19:50:00,8.8514,25.797
600,10/10/2025 19:51:00,8.8514,25.734
601,10/10/2025 19:52:00,8.8514,25.672
602,10/10/2025 19:53:00,8.8514,25.625
603,10/10/2025 19:54:00,8.8514,25.570
604,10/10/2025 19:55:00,8.8514,25.539
605,10/10/2025 19:56:00,8.8524,25.594
606,10/10/2025 19:57:00,8.8504,25.688
607,10/10/2025 19:58:00,8.8504,25.828
608,10/10/2025 19:59:00,8.8504,25.984
609,10/10/2025 20:00:00,8.8514,26.133
610,10/10/2025 20:01:00,8.8504,26.227
611,10/10/2025 20:02:00,8.8504,26.313
612,10/10/2025 20:03:00,8.8504,26.383
613,10/10/2025 20:04:00,8.8504,26.445
614,10/10/2025 20:05:00,8.8504,26.461
615,10/10/2025 20:06:00,8.8514,26.477
616,10/10/2025 20:07:00,8.8504,26.500
617,10/10/2025 20:08:00,8.8514,26.523
618,10/10/2025 20:09:00,8.8504,26.586
619,10/10/2025 20:10:00,8.8514,26.672
620,10/10/2025 20:11:00,8.8514,26.719
621,10/10/2025 20:12:00,8.8514,26.734
622,10/10/2025 20:13:00,8.8524,26.695
623,10/10/2025 20:14:00,8.8524,26.609
624,10/10/2025 20:15:00,8.8535,26.492
625,10/10/2025 20:16:00,8.8545,26.359
626,10/10/2025 20:17:00,8.8545,26.219
627,10/10/2025 20:18:00,8.8535,26.102
628,10/10/2025 20:19:00,8.8555,25.984
629,10/10/2025 20:20:00,8.8555,25.875
630,10/10/2025 20:21:00,8.8565,25.773
631,10/10/2025 20:22:00,8.8565,25.664
632,10/10/2025 20:23:00,8.8565,25.570
633,10/10/2025 20:24:00,8.8555,25.477
634,10/10/2025 20:25:00,8.8565,25.367
635,10/10/2025 20:26:00,8.8565,25.289
636,10/10/2025 20:27:00,8.8575,25.227
637,10/10/2025 20:28:00,8.8575,25.188
638,10/10/2025 20:29:00,8.8575,25.156
639,10/10/2025 20:30:00,8.8555,25.203
640,10/10/2025 20:31:00,8.8565,25.250
641,10/10/2025 20:32:00,8.8575,25.266
642,10/10/2025 20:33:00,8.8565,25.352
643,10/10/2025 20:34:00,8.8565,25.461
644,10/10/2025 20:35:00,8.8565,25.578
645,10/10/2025 20:36:00,8.8555,25.719
646,10/10/2025 20:37:00,8.8545,25.867
647,10/10/2025 20:38:00,8.8545,26.008
648,10/10/2025 20:39:00,8.8545,26.172
649,10/10/2025 20:40:00,8.8555,26.289
650,10/10/2025 20:41:00,8.8555,26.359
651,10/10/2025 20:42:00,8.8555,26.344
652,10/10/2025 20:43:00,8.8555,26.320
653,10/10/2025 20:44:00,8.8555,26.313
654,10/10/2025 20:45:00,8.8565,26.258
655,10/10/2025 20:46:00,8.8565,26.188
656,10/10/2025 20:47:00,8.8575,26.078
657,10/10/2025 20:48:00,8.8575,25.969
658,10/10/2025 20:49:00,8.8575,25.844
659,10/10/2025 20:50:00,8.8575,25.734
660,10/10/2025 20:51:00,8.8586,25.625
661,10/10/2025 20:52:00,8.8575,25.516
662,10/10/2025 20:53:00,8.8586,25.391
663,10/10/2025 20:54:00,8.8586,25.273
664,10/10/2025 20:55:00,8.8596,25.164
665,10/10/2025 20:56:00,8.8596,25.063
666,10/10/2025 20:57:00,8.8596,24.969
667,10/10/2025 20:58:00,8.8616,24.883
668,10/10/2025 20:59:00,8.8606,24.813
669,10/10/2025 21:00:00,8.8606,24.727
670,10/10/2025 21:01:00,8.8616,24.672
671,10/10/2025 21:02:00,8.8616,24.602
672,10/10/2025 21:03:00,8.8616,24.531
673,10/10/2025 21:04:00,8.8626,24.461
674,10/10/2025 21:05:00,8.8626,24.391
675,10/10/2025 21:06:00,8.8626,24.313
676,10/10/2025 21:07:00,8.8626,24.242
677,10/10/2025 21:08:00,8.8637,24.188
678,10/10/2025 21:09:00,8.8626,24.141
679,10/10/2025 21:10:00,8.8626,24.086
680,10/10/2025 21:11:00,8.8637,24.039
681,10/10/2025 21:12:00,8.8647,23.984
682,10/10/2025 21:13:00,8.8637,23.945
683,10/10/2025 21:14:00,8.8647,23.906
684,10/10/2025 21:15:00,8.8647,23.859
685,10/10/2025 21:16:00,8.8657,23.813
686,10/10/2025 21:17:00,8.8647,23.766
687,10/10/2025 21:18:00,8.8637,23.727
688,10/10/2025 21:19:00,8.8657,23.672
689,10/10/2025 21:20:00,8.8657,23.633
690,10/10/2025 21:21:00,8.8657,23.586
691,10/10/2025 21:22:00,8.8647,23.539
692,10/10/2025 21:23:00,8.8657,23.492
693,10/10/2025 21:24:00,8.8657,23.461
694,10/10/2025 21:25:00,8.8657,23.422
695,10/10/2025 21:26:00,8.8657,23.383
696,10/10/2025 21:27:00,8.8667,23.359
697,10/10/2025 21:28:00,8.8667,23.328
698,10/10/2025 21:29:00,8.8667,23.289
699,10/10/2025 21:30:00,8.8677,23.258
700,10/10/2025 21:31:00,8.8677,23.219
701,10/10/2025 21:32:00,8.8667,23.172
702,10/10/2025 21:33:00,8.8688,23.125
703,10/10/2025 21:34:00,8.8688,23.086
704,10/10/2025 21:35:00,8.8698,23.047
705,10/10/2025 21:36:00,8.8688,23.008
706,10/10/2025 21:37:00,8.8677,22.977
707,10/10/2025 21:38:00,8.8688,22.953
708,10/10/2025 21:39:00,8.8677,22.922
709,10/10/2025 21:40:00,8.8698,22.906
710,10/10/2025 21:41:00,8.8688,22.883
711,10/10/2025 21:42:00,8.8698,22.859
712,10/10/2025 21:43:00,8.8688,22.844
713,10/10/2025 21:44:00,8.8688,22.836
714,10/10/2025 21:45:00,8.8688,22.820
715,10/10/2025 21:46:00,8.8688,22.805
716,10/10/2025 21:47:00,8.8698,22.789
717,10/10/2025 21:48:00,8.8688,22.773
718,10/10/2025 21:49:00,8.8688,22.750
719,10/10/2025 21:50:00,8.8688,22.734
720,10/10/2025 21:51:00,8.8698,22.703
721,10/10/2025 21:52:00,8.8688,22.680
722,10/10/2025 21:53:00,8.8698,22.641
723,10/10/2025 21:54:00,8.8698,22.625
724,10/10/2025 21:55:00,8.8688,22.594
725,10/10/2025 21:56:00,8.8688,22.563
726,10/10/2025 21:57:00,8.8708,22.531
727,10/10/2025 21:58:00,8.8698,22.508
728,10/10/2025 21:59:00,8.8688,22.484
729,10/10/2025 22:00:00,8.8698,22.445
730,10/10/2025 22:01:00,8.8698,22.422
731,10/10/2025 22:02:00,8.8688,22.383
732,10/10/2025 22:03:00,8.8688,22.352
733,10/10/2025 22:04:00,8.8698,22.328
734,10/10/2025 22:05:00,8.8698,22.320
735,10/10/2025 22:06:00,8.8688,22.289
736,10/10/2025 22:07:00,8.8698,22.266
737,10/10/2025 22:08:00,8.8698,22.242
738,10/10/2025 22:09:00,8.8688,22.227
739,10/10/2025 22:10:00,8.8688,22.195
740,10/10/2025 22:11:00,8.8688,22.172
741,10/10/2025 22:12:00,8.8698,22.148
742,10/10/2025 22:13:00,8.8698,22.133
743,10/10/2025 22:14:00,8.8698,22.109
744,10/10/2025 22:15:00,8.8698,22.078
745,10/10/2025 22:16:00,8.8698,22.055
746,10/10/2025 22:17:00,8.8698,22.031
747,10/10/2025 22:18:00,8.8698,22.008
748,10/10/2025 22:19:00,8.8708,21.984
749,10/10/2025 22:20:00,8.8698,21.945
750,10/10/2025 22:21:00,8.8698,21.898
751,10/10/2025 22:22:00,8.8698,21.859
752,10/10/2025 22:23:00,8.8698,21.828
753,10/10/2025 22:24:00,8.8698,21.789
754,10/10/2025 22:25:00,8.8708,21.750
755,10/10/2025 22:26:00,8.8708,21.703
756,10/10/2025 22:27:00,8.8698,21.656
757,10/10/2025 22:28:00,8.8698,21.602
758,10/10/2025 22:29:00,8.8698,21.570
759,10/10/2025 22:30:00,8.8708,21.539
760,10/10/2025 22:31:00,8.8708,21.516
761,10/10/2025 22:32:00,8.8718,21.484
762,10/10/2025 22:33:00,8.8718,21.438
763,10/10/2025 22:34:00,8.8708,21.398
764,10/10/2025 22:35:00,8.8708,21.375
765,10/10/2025 22:36:00,8.8718,21.352
766,10/10/2025 22:37:00,8.8718,21.320
767,10/10/2025 22:38:00,8.8718,21.289
768,10/10/2025 22:39:00,8.8728,21.266
769,10/10/2025 22:40:00,8.8708,21.227
770,10/10/2025 22:41:00,8.8718,21.188
771,10/10/2025 22:42:00,8.8718,21.148
772,10/10/2025 22:43:00,8.8708,21.109
773,10/10/2025 22:44:00,8.8718,21.078
774,10/10/2025 22:45:00,8.8718,21.039
775,10/10/2025 22:46:00,8.8718,20.992
776,10/10/2025 22:47:00,8.8718,20.938
777,10/10/2025 22:48:00,8.8718,20.898
778,10/10/2025 22:49:00,8.8718,20.836
779,10/10/2025 22:50:00,8.8718,20.789
780,10/10/2025 22:51:00,8.8728,20.742
781,10/10/2025 22:52:00,8.8728,20.695
782,10/10/2025 22:53:00,8.8728,20.648
783,10/10/2025 22:54:00,8.8739,20.602
784,10/10/2025 22:55:00,8.8728,20.555
785,10/10/2025 22:56:00,8.8728,20.500
786,10/10/2025 22:57:00,8.8739,20.453
787,10/10/2025 22:58:00,8.8728,20.398
788,10/10/2025 22:59:00,8.8728,20.359
789,10/10/2025 23:00:00,8.8728,20.320
790,10/10/2025 23:01:00,8.8728,20.297
791,10/10/2025 23:02:00,8.8728,20.266
792,10/10/2025 23:03:00,8.8739,20.227
793,10/10/2025 23:04:00,8.8728,20.195
794,10/10/2025 23:05:00,8.8728,20.156
795,10/10/2025 23:06:00,8.8739,20.125
796,10/10/2025 23:07:00,8.8739,20.094
797,10/10/2025 23:08:00,8.8728,20.063
798,10/10/2025 23:09:00,8.8728,20.023
799,10/10/2025 23:10:00,8.8728,19.969
800,10/10/2025 23:11:00,8.8739,19.914
801,10/10/2025 23:12:00,8.8739,19.859
802,10/10/2025 23:13:00,8.8728,19.813
803,10/10/2025 23:14:00,8.8728,19.781
804,10/10/2025 23:15:00,8.8739,19.758
805,10/10/2025 23:16:00,8.8739,19.742
806,10/10/2025 23:17:00,8.8739,19.719
807,10/10/2025 23:18:00,8.8728,19.703
808,10/10/2025 23:19:00,8.8728,19.688
809,10/10/2025 23:20:00,8.8728,19.664
810,10/10/2025 23:21:00,8.8728,19.641
811,10/10/2025 23:22:00,8.8739,19.609
812,10/10/2025 23:23:00,8.8739,19.570
813,10/10/2025 23:24:00,8.8728,19.523
814,10/10/2025 23:25:00,8.8739,19.477
815,10/10/2025 23:26:00,8.8739,19.438
816,10/10/2025 23:27:00,8.8728,19.391
817,10/10/2025 23:28:00,8.8739,19.352
818,10/10/2025 23:29:00,8.8728,19.313
819,10/10/2025 23:30:00,8.8728,19.281
820,10/10/2025 23:31:00,8.8728,19.250
821,10/10/2025 23:32:00,8.8728,19.227
822,10/10/2025 23:33:00,8.8728,19.188
823,10/10/2025 23:34:00,8.8728,19.141
824,10/10/2025 23:35:00,8.8739,19.102
825,10/10/2025 23:36:00,8.8728,19.055
826,10/10/2025 23:37:00,8.8739,19.031
827,10/10/2025 23:38:00,8.8728,18.992
828,10/10/2025 23:39:00,8.8739,18.969
829,10/10/2025 23:40:00,8.8728,18.938
830,10/10/2025 23:41:00,8.8728,18.938
831,10/10/2025 23:42:00,8.8728,18.930
832,10/10/2025 23:43:00,8.8728,18.945
833,10/10/2025 23:44:00,8.8728,18.945
834,10/10/2025 23:45:00,8.8728,18.945
835,10/10/2025 23:46:00,8.8739,18.930
836,10/10/2025 23:47:00,8.8728,18.914
837,10/10/2025 23:48:00,8.8739,18.891
838,10/10/2025 23:49:00,8.8728,18.875
839,10/10/2025 23:50:00,8.8728,18.859
840,10/10/2025 23:51:00,8.8728,18.820
841,10/10/2025 23:52:00,8.8728,18.797
842,10/10/2025 23:53:00,8.8728,18.781
843,10/10/2025 23:54:00,8.8728,18.773
844,10/10/2025 23:55:00,8.8728,18.766
845,10/10/2025 23:56:00,8.8739,18.766
846,10/10/2025 23:57:00,8.8728,18.766
847,10/10/2025 23:58:00,8.8728,18.750
848,10/10/2025 23:59:00,8.8718,18.750
849,10/11/2025 0:00:00,8.8728,18.734
850,10/11/2025 0:01:00,8.8718,18.719
851,10/11/2025 0:02:00,8.8728,18.695
852,10/11/2025 0:03:00,8.8718,18.656
853,10/11/2025 0:04:00,8.8739,18.641
854,10/11/2025 0:05:00,8.8728,18.609
855,10/11/2025 0:06:00,8.8728,18.594
856,10/11/2025 0:07:00,8.8728,18.578
857,10/11/2025 0:08:00,8.8728,18.563
858,10/11/2025 0:09:00,8.8728,18.523
859,10/11/2025 0:10:00,8.8718,18.492
860,10/11/2025 0:11:00,8.8718,18.469
861,10/11/2025 0:12:00,8.8728,18.453
862,10/11/2025 0:13:00,8.8718,18.438
863,10/11/2025 0:14:00,8.8728,18.406
864,10/11/2025 0:15:00,8.8728,18.391
865,10/11/2025 0:16:00,8.8718,18.367
866,10/11/2025 0:17:00,8.8718,18.352
867,10/11/2025 0:18:00,8.8718,18.336
868,10/11/2025 0:19:00,8.8728,18.305
869,10/11/2025 0:20:00,8.8728,18.289
870,10/11/2025 0:21:00,8.8739,18.273
871,10/11/2025 0:22:00,8.8728,18.250
872,10/11/2025 0:23:00,8.8728,18.227
873,10/11/2025 0:24:00,8.8728,18.211
874,10/11/2025 0:25:00,8.8728,18.195
875,10/11/2025 0:26:00,8.8728,18.188
876,10/11/2025 0:27:00,8.8739,18.164
877,10/11/2025 0:28:00,8.8739,18.133
878,10/11/2025 0:29:00,8.8739,18.109
879,10/11/2025 0:30:00,8.8728,18.094
880,10/11/2025 0:31:00,8.8728,18.070
881,10/11/2025 0:32:00,8.8718,18.063
882,10/11/2025 0:33:00,8.8728,18.047
883,10/11/2025 0:34:00,8.8718,18.023
884,10/11/2025 0:35:00,8.8718,18.000
885,10/11/2025 0:36:00,8.8728,17.961
886,10/11/2025 0:37:00,8.8728,17.922
887,10/11/2025 0:38:00,8.8708,17.891
888,10/11/2025 0:39:00,8.8718,17.859
889,10/11/2025 0:40:00,8.8718,17.828
890,10/11/2025 0:41:00,8.8718,17.789
891,10/11/2025 0:42:00,8.8708,17.750
892,10/11/2025 0:43:00,8.8718,17.711
893,10/11/2025 0:44:00,8.8718,17.688
894,10/11/2025 0:45:00,8.8718,17.656
895,10/11/2025 0:46:00,8.8718,17.617
896,10/11/2025 0:47:00,8.8718,17.602
897,10/11/2025 0:48:00,8.8728,17.602
898,10/11/2025 0:49:00,8.8718,17.602
899,10/11/2025 0:50:00,8.8718,17.602
900,10/11/2025 0:51:00,8.8728,17.617
901,10/11/2025 0:52:00,8.8718,17.617
902,10/11/2025 0:53:00,8.8728,17.602
903,10/11/2025 0:54:00,8.8728,17.594
904,10/11/2025 0:55:00,8.8728,17.563
905,10/11/2025 0:56:00,8.8718,17.531
906,10/11/2025 0:57:00,8.8718,17.508
907,10/11/2025 0:58:00,8.8718,17.477
908,10/11/2025 0:59:00,8.8728,17.453
909,10/11/2025 1:00:00,8.8718,17.414
910,10/11/2025 1:01:00,8.8718,17.391
911,10/11/2025 1:02:00,8.8728,17.367
912,10/11/2025 1:03:00,8.8718,17.352
913,10/11/2025 1:04:00,8.8718,17.328
914,10/11/2025 1:05:00,8.8718,17.297
915,10/11/2025 1:06:00,8.8718,17.281
916,10/11/2025 1:07:00,8.8718,17.258
917,10/11/2025 1:08:00,8.8718,17.250
918,10/11/2025 1:09:00,8.8718,17.250
919,10/11/2025 1:10:00,8.8718,17.258
920,10/11/2025 1:11:00,8.8718,17.258
921,10/11/2025 1:12:00,8.8718,17.242
922,10/11/2025 1:13:00,8.8728,17.227
923,10/11/2025 1:14:00,8.8718,17.188
924,10/11/2025 1:15:00,8.8718,17.156
925,10/11/2025 1:16:00,8.8718,17.125
926,10/11/2025 1:17:00,8.8718,17.094
927,10/11/2025 1:18:00,8.8718,17.070
928,10/11/2025 1:19:00,8.8718,17.047
929,10/11/2025 1:20:00,8.8718,17.031
930,10/11/2025 1:21:00,8.8718,17.016
931,10/11/2025 1:22:00,8.8718,16.992
932,10/11/2025 1:23:00,8.8718,16.969
933,10/11/2025 1:24:00,8.8728,16.961
934,10/11/2025 1:25:00,8.8728,16.938
935,10/11/2025 1:26:00,8.8728,16.930
936,10/11/2025 1:27:00,8.8728,16.906
937,10/11/2025 1:28:00,8.8728,16.891
938,10/11/2025 1:29:00,8.8728,16.875
939,10/11/2025 1:30:00,8.8739,16.852
940,10/11/2025 1:31:00,8.8728,16.836
941,10/11/2025 1:32:00,8.8728,16.820
942,10/11/2025 1:33:00,8.8718,16.805
943,10/11/2025 1:34:00,8.8728,16.797
944,10/11/2025 1:35:00,8.8728,16.766
945,10/11/2025 1:36:00,8.8728,16.750
946,10/11/2025 1:37:00,8.8718,16.734
947,10/11/2025 1:38:00,8.8739,16.719
948,10/11/2025 1:39:00,8.8728,16.711
949,10/11/2025 1:40:00,8.8728,16.695
950,10/11/2025 1:41:00,8.8739,16.695
951,10/11/2025 1:42:00,8.8728,16.664
952,10/11/2025 1:43:00,8.8718,16.648
953,10/11/2025 1:44:00,8.8728,16.625
954,10/11/2025 1:45:00,8.8739,16.602
955,10/11/2025 1:46:00,8.8728,16.586
956,10/11/2025 1:47:00,8.8728,16.547
957,10/11/2025 1:48:00,8.8718,16.531
958,10/11/2025 1:49:00,8.8728,16.516
959,10/11/2025 1:50:00,8.8728,16.492
960,10/11/2025 1:51:00,8.8718,16.484
961,10/11/2025 1:52:00,8.8728,16.477
962,10/11/2025 1:53:00,8.8728,16.461
963,10/11/2025 1:54:00,8.8728,16.453
964,10/11/2025 1:55:00,8.8728,16.453
965,10/11/2025 1:56:00,8.8728,16.445
966,10/11/2025 1:57:00,8.8718,16.438
967,10/11/2025 1:58:00,8.8739,16.422
968,10/11/2025 1:59:00,8.8728,16.391
969,10/11/2025 2:00:00,8.8728,16.383
970,10/11/2025 2:01:00,8.8728,16.367
971,10/11/2025 2:02:00,8.8728,16.352
972,10/11/2025 2:03:00,8.8728,16.320
973,10/11/2025 2:04:00,8.8739,16.305
974,10/11/2025 2:05:00,8.8728,16.289
975,10/11/2025 2:06:00,8.8728,16.281
976,10/11/2025 2:07:00,8.8739,16.297
977,10/11/2025 2:08:00,8.8728,16.305
978,10/11/2025 2:09:00,8.8728,16.297
979,10/11/2025 2:10:00,8.8728,16.289
980,10/11/2025 2:11:00,8.8728,16.289
981,10/11/2025 2:12:00,8.8728,16.289
982,10/11/2025 2:13:00,8.8728,16.297
983,10/11/2025 2:14:00,8.8728,16.344
984,10/11/2025 2:15:00,8.8728,16.375
985,10/11/2025 2:16:00,8.8718,16.391
986,10/11/2025 2:17:00,8.8728,16.414
987,10/11/2025 2:18:00,8.8728,16.438
988,10/11/2025 2:19:00,8.8708,16.500
989,10/11/2025 2:20:00,8.8718,16.602
990,10/11/2025 2:21:00,8.8718,16.664
991,10/11/2025 2:22:00,8.8718,16.695
992,10/11/2025 2:23:00,8.8718,16.727
993,10/11/2025 2:24:00,8.8718,16.742
994,10/11/2025 2:25:00,8.8718,16.766
995,10/11/2025 2:26:00,8.8718,16.797
996,10/11/2025 2:27:00,8.8708,16.875
997,10/11/2025 2:28:00,8.8688,17.109
998,10/11/2025 2:29:00,8.8698,17.273
999,10/11/2025 2:30:00,8.8698,17.383
"1,000",10/11/2025 2:31:00,8.8698,17.438
"1,001",10/11/2025 2:32:00,8.8688,17.570
"1,002",10/11/2025 2:33:00,8.8677,17.836
"1,003",10/11/2025 2:34:00,8.8667,18.148
"1,004",10/11/2025 2:35:00,8.8657,18.477
"1,005",10/11/2025 2:36:00,8.8647,18.758
"1,006",10/11/2025 2:37:00,8.8647,19.008
"1,007",10/11/2025 2:38:00,8.8647,19.250
"1,008",10/11/2025 2:39:00,8.8637,19.484
"1,009",10/11/2025 2:40:00,8.8647,19.672
"1,010",10/11/2025 2:41:00,8.8637,19.836
"1,011",10/11/2025 2:42:00,8.8626,19.977
"1,012",10/11/2025 2:43:00,8.8626,20.117
"1,013",10/11/2025 2:44:00,8.8616,20.227
"1,014",10/11/2025 2:45:00,8.8626,20.328
"1,015",10/11/2025 2:46:00,8.8616,20.414
"1,016",10/11/2025 2:47:00,8.8626,20.492
"1,017",10/11/2025 2:48:00,8.8616,20.570
"1,018",10/11/2025 2:49:00,8.8626,20.648
"1,019",10/11/2025 2:50:00,8.8616,20.734
"1,020",10/11/2025 2:51:00,8.8616,20.797
"1,021",10/11/2025 2:52:00,8.8616,20.836
"1,022",10/11/2025 2:53:00,8.8616,20.867
"1,023",10/11/2025 2:54:00,8.8606,20.898
"1,024",10/11/2025 2:55:00,8.8616,20.922
"1,025",10/11/2025 2:56:00,8.8606,20.953
"1,026",10/11/2025 2:57:00,8.8606,20.969
"1,027",10/11/2025 2:58:00,8.8616,20.977
"1,028",10/11/2025 2:59:00,8.8616,21.008
"1,029",10/11/2025 3:00:00,8.8606,21.031
"1,030",10/11/2025 3:01:00,8.8606,21.063
"1,031",10/11/2025 3:02:00,8.8606,21.078
"1,032",10/11/2025 3:03:00,8.8606,21.102
"1,033",10/11/2025 3:04:00,8.8596,21.102
"1,034",10/11/2025 3:05:00,8.8606,21.102
"1,035",10/11/2025 3:06:00,8.8596,21.117
"1,036",10/11/2025 3:07:00,8.8586,21.117
"1,037",10/11/2025 3:08:00,8.8596,21.117
"1,038",10/11/2025 3:09:00,8.8596,21.117
"1,039",10/11/2025 3:10:00,8.8596,21.117
"1,040",10/11/2025 3:11:00,8.8596,21.117
"1,041",10/11/2025 3:12:00,8.8596,21.117
"1,042",10/11/2025 3:13:00,8.8596,21.109
"1,043",10/11/2025 3:14:00,8.8606,21.109
"1,044",10/11/2025 3:15:00,8.8596,21.109
"1,045",10/11/2025 3:16:00,8.8596,21.117
"1,046",10/11/2025 3:17:00,8.8596,21.117
"1,047",10/11/2025 3:18:00,8.8596,21.102
"1,048",10/11/2025 3:19:00,8.8616,21.063
"1,049",10/11/2025 3:20:00,8.8606,20.969
"1,050",10/11/2025 3:21:00,8.8616,20.867
"1,051",10/11/2025 3:22:00,8.8616,20.750
"1,052",10/11/2025 3:23:00,8.8626,20.617
"1,053",10/11/2025 3:24:00,8.8637,20.453
"1,054",10/11/2025 3:25:00,8.8637,20.273
"1,055",10/11/2025 3:26:00,8.8647,20.094
"1,056",10/11/2025 3:27:00,8.8637,19.922
"1,057",10/11/2025 3:28:00,8.8637,19.766
"1,058",10/11/2025 3:29:00,8.8647,19.602
"1,059",10/11/2025 3:30:00,8.8647,19.453
"1,060",10/11/2025 3:31:00,8.8657,19.313
"1,061",10/11/2025 3:32:00,8.8657,19.195
"1,062",10/11/2025 3:33:00,8.8667,19.102
"1,063",10/11/2025 3:34:00,8.8657,19.063
"1,064",10/11/2025 3:35:00,8.8667,19.039
"1,065",10/11/2025 3:36:00,8.8657,19.078
"1,066",10/11/2025 3:37:00,8.8657,19.172
"1,067",10/11/2025 3:38:00,8.8657,19.281
"1,068",10/11/2025 3:39:00,8.8647,19.406
"1,069",10/11/2025 3:40:00,8.8647,19.523
"1,070",10/11/2025 3:41:00,8.8647,19.625
"1,071",10/11/2025 3:42:00,8.8647,19.734
"1,072",10/11/2025 3:43:00,8.8626,19.820
"1,073",10/11/2025 3:44:00,8.8637,19.898
"1,074",10/11/2025 3:45:00,8.8626,19.977
"1,075",10/11/2025 3:46:00,8.8626,20.055
"1,076",10/11/2025 3:47:00,8.8626,20.117
"1,077",10/11/2025 3:48:00,8.8626,20.164
"1,078",10/11/2025 3:49:00,8.8616,20.203
"1,079",10/11/2025 3:50:00,8.8626,20.219
"1,080",10/11/2025 3:51:00,8.8626,20.250
"1,081",10/11/2025 3:52:00,8.8616,20.273
"1,082",10/11/2025 3:53:00,8.8626,20.297
"1,083",10/11/2025 3:54:00,8.8616,20.313
"1,084",10/11/2025 3:55:00,8.8626,20.344
"1,085",10/11/2025 3:56:00,8.8626,20.383
"1,086",10/11/2025 3:57:00,8.8616,20.422
"1,087",10/11/2025 3:58:00,8.8616,20.461
"1,088",10/11/2025 3:59:00,8.8626,20.484
"1,089",10/11/2025 4:00:00,8.8626,20.500
"1,090",10/11/2025 4:01:00,8.8626,20.516
"1,091",10/11/2025 4:02:00,8.8626,20.531
"1,092",10/11/2025 4:03:00,8.8637,20.539
"1,093",10/11/2025 4:04:00,8.8626,20.563
"1,094",10/11/2025 4:05:00,8.8637,20.578
"1,095",10/11/2025 4:06:00,8.8626,20.594
"1,096",10/11/2025 4:07:00,8.8626,20.586
"1,097",10/11/2025 4:08:00,8.8626,20.578
"1,098",10/11/2025 4:09:00,8.8616,20.578
"1,099",10/11/2025 4:10:00,8.8637,20.578
"1,100",10/11/2025 4:11:00,8.8637,20.570
"1,101",10/11/2025 4:12:00,8.8647,20.508
"1,102",10/11/2025 4:13:00,8.8647,20.398
"1,103",10/11/2025 4:14:00,8.8647,20.234
"1,104",10/11/2025 4:15:00,8.8657,20.047
"1,105",10/11/2025 4:16:00,8.8667,19.836
"1,106",10/11/2025 4:17:00,8.8667,19.625
"1,107",10/11/2025 4:18:00,8.8677,19.406
"1,108",10/11/2025 4:19:00,8.8677,19.203
"1,109",10/11/2025 4:20:00,8.8677,19.008
"1,110",10/11/2025 4:21:00,8.8688,18.828
"1,111",10/11/2025 4:22:00,8.8688,18.672
"1,112",10/11/2025 4:23:00,8.8688,18.516
"1,113",10/11/2025 4:24:00,8.8688,18.367
"1,114",10/11/2025 4:25:00,8.8688,18.227
"1,115",10/11/2025 4:26:00,8.8698,18.078
"1,116",10/11/2025 4:27:00,8.8708,17.930
"1,117",10/11/2025 4:28:00,8.8708,17.789
"1,118",10/11/2025 4:29:00,8.8708,17.633
"1,119",10/11/2025 4:30:00,8.8718,17.484
"1,120",10/11/2025 4:31:00,8.8728,17.336
"1,121",10/11/2025 4:32:00,8.8728,17.219
"1,122",10/11/2025 4:33:00,8.8728,17.094
"1,123",10/11/2025 4:34:00,8.8728,16.984
"1,124",10/11/2025 4:35:00,8.8739,16.883
"1,125",10/11/2025 4:36:00,8.8739,16.797
"1,126",10/11/2025 4:37:00,8.8739,16.719
"1,127",10/11/2025 4:38:00,8.8739,16.664
"1,128",10/11/2025 4:39:00,8.8749,16.609
"1,129",10/11/2025 4:40:00,8.8739,16.563
"1,130",10/11/2025 4:41:00,8.8749,16.523
"1,131",10/11/2025 4:42:00,8.8739,16.516
"1,132",10/11/2025 4:43:00,8.8739,16.500
"1,133",10/11/2025 4:44:00,8.8739,16.484
"1,134",10/11/2025 4:45:00,8.8749,16.469
"1,135",10/11/2025 4:46:00,8.8759,16.445
"1,136",10/11/2025 4:47:00,8.8749,16.422
"1,137",10/11/2025 4:48:00,8.8749,16.383
"1,138",10/11/2025 4:49:00,8.8759,16.328
"1,139",10/11/2025 4:50:00,8.8759,16.258
"1,140",10/11/2025 4:51:00,8.8759,16.195
"1,141",10/11/2025 4:52:00,8.8759,16.148
"1,142",10/11/2025 4:53:00,8.8759,16.102
"1,143",10/11/2025 4:54:00,8.8749,16.055
"1,144",10/11/2025 4:55:00,8.8759,16.000
"1,145",10/11/2025 4:56:00,8.8759,15.945
"1,146",10/11/2025 4:57:00,8.8769,15.883
"1,147",10/11/2025 4:58:00,8.8769,15.828
"1,148",10/11/2025 4:59:00,8.8769,15.781
"1,149",10/11/2025 5:00:00,8.8769,15.734
"1,150",10/11/2025 5:01:00,8.8779,15.688
"1,151",10/11/2025 5:02:00,8.8779,15.648
"1,152",10/11/2025 5:03:00,8.8779,15.609
"1,153",10/11/2025 5:04:00,8.8779,15.570
"1,154",10/11/2025 5:05:00,8.8779,15.531
"1,155",10/11/2025 5:06:00,8.8790,15.492
"1,156",10/11/2025 5:07:00,8.8779,15.453
"1,157",10/11/2025 5:08:00,8.8779,15.422
"1,158",10/11/2025 5:09:00,8.8790,15.383
"1,159",10/11/2025 5:10:00,8.8779,15.336
"1,160",10/11/2025 5:11:00,8.8790,15.297
"1,161",10/11/2025 5:12:00,8.8790,15.242
"1,162",10/11/2025 5:13:00,8.8779,15.195
"1,163",10/11/2025 5:14:00,8.8790,15.164
"1,164",10/11/2025 5:15:00,8.8790,15.117
"1,165",10/11/2025 5:16:00,8.8790,15.078
"1,166",10/11/2025 5:17:00,8.8790,15.055
"1,167",10/11/2025 5:18:00,8.8790,15.016
"1,168",10/11/2025 5:19:00,8.8790,14.984
"1,169",10/11/2025 5:20:00,8.8790,14.953
"1,170",10/11/2025 5:21:00,8.8790,14.938
"1,171",10/11/2025 5:22:00,8.8790,14.922
"1,172",10/11/2025 5:23:00,8.8790,14.891
"1,173",10/11/2025 5:24:00,8.8790,14.875
"1,174",10/11/2025 5:25:00,8.8800,14.852
"1,175",10/11/2025 5:26:00,8.8790,14.828
"1,176",10/11/2025 5:27:00,8.8800,14.805
"1,177",10/11/2025 5:28:00,8.8800,14.781
"1,178",10/11/2025 5:29:00,8.8810,14.750
"1,179",10/11/2025 5:30:00,8.8810,14.711
"1,180",10/11/2025 5:31:00,8.8810,14.688
"1,181",10/11/2025 5:32:00,8.8800,14.656
"1,182",10/11/2025 5:33:00,8.8810,14.633
"1,183",10/11/2025 5:34:00,8.8810,14.609
"1,184",10/11/2025 5:35:00,8.8800,14.594
"1,185",10/11/2025 5:36:00,8.8810,14.570
"1,186",10/11/2025 5:37:00,8.8810,14.555
"1,187",10/11/2025 5:38:00,8.8810,14.531
"1,188",10/11/2025 5:39:00,8.8820,14.508
"1,189",10/11/2025 5:40:00,8.8820,14.477
"1,190",10/11/2025 5:41:00,8.8820,14.438
"1,191",10/11/2025 5:42:00,8.8830,14.406
"1,192",10/11/2025 5:43:00,8.8830,14.375
"1,193",10/11/2025 5:44:00,8.8820,14.344
"1,194",10/11/2025 5:45:00,8.8840,14.305
"1,195",10/11/2025 5:46:00,8.8840,14.281
"1,196",10/11/2025 5:47:00,8.8840,14.250
"1,197",10/11/2025 5:48:00,8.8840,14.234
"1,198",10/11/2025 5:49:00,8.8840,14.227
"1,199",10/11/2025 5:50:00,8.8840,14.219
"1,200",10/11/2025 5:51:00,8.8840,14.227
"1,201",10/11/2025 5:52:00,8.8840,14.242
"1,202",10/11/2025 5:53:00,8.8851,14.281
"1,203",10/11/2025 5:54:00,8.8840,14.352
"1,204",10/11/2025 5:55:00,8.8840,14.406
"1,205",10/11/2025 5:56:00,8.8840,14.484
"1,206",10/11/2025 5:57:00,8.8840,14.539
"1,207",10/11/2025 5:58:00,8.8840,14.586
"1,208",10/11/2025 5:59:00,8.8840,14.609
"1,209",10/11/2025 6:00:00,8.8840,14.625
"1,210",10/11/2025 6:01:00,8.8851,14.609
"1,211",10/11/2025 6:02:00,8.8851,14.609
"1,212",10/11/2025 6:03:00,8.8851,14.609
"1,213",10/11/2025 6:04:00,8.8851,14.609
"1,214",10/11/2025 6:05:00,8.8851,14.625
"1,215",10/11/2025 6:06:00,8.8840,14.625
"1,216",10/11/2025 6:07:00,8.8851,14.633
"1,217",10/11/2025 6:08:00,8.8840,14.633
"1,218",10/11/2025 6:09:00,8.8851,14.633
"1,219",10/11/2025 6:10:00,8.8851,14.633
"1,220",10/11/2025 6:11:00,8.8851,14.633
"1,221",10/11/2025 6:12:00,8.8840,14.656
"1,222",10/11/2025 6:13:00,8.8851,14.672
"1,223",10/11/2025 6:14:00,8.8840,14.695
"1,224",10/11/2025 6:15:00,8.8851,14.727
"1,225",10/11/2025 6:16:00,8.8840,14.781
"1,226",10/11/2025 6:17:00,8.8840,14.867
"1,227",10/11/2025 6:18:00,8.8840,14.984
"1,228",10/11/2025 6:19:00,8.8840,15.117
"1,229",10/11/2025 6:20:00,8.8840,15.281
"1,230",10/11/2025 6:21:00,8.8840,15.445
"1,231",10/11/2025 6:22:00,8.8830,15.625
"1,232",10/11/2025 6:23:00,8.8820,15.828
"1,233",10/11/2025 6:24:00,8.8820,16.031
"1,234",10/11/2025 6:25:00,8.8820,16.242
"1,235",10/11/2025 6:26:00,8.8820,16.461
"1,236",10/11/2025 6:27:00,8.8810,16.672
"1,237",10/11/2025 6:28:00,8.8800,16.898
"1,238",10/11/2025 6:29:00,8.8800,17.141
"1,239",10/11/2025 6:30:00,8.8800,17.398
"1,240",10/11/2025 6:31:00,8.8800,17.680
"1,241",10/11/2025 6:32:00,8.8779,17.969
"1,242",10/11/2025 6:33:00,8.8769,18.273
"1,243",10/11/2025 6:34:00,8.8769,18.594
"1,244",10/11/2025 6:35:00,8.8769,18.930
"1,245",10/11/2025 6:36:00,8.8759,19.273
"1,246",10/11/2025 6:37:00,8.8749,19.648
"1,247",10/11/2025 6:38:00,8.8739,20.000
"1,248",10/11/2025 6:39:00,8.8739,20.383
"1,249",10/11/2025 6:40:00,8.8728,20.797
"1,250",10/11/2025 6:41:00,8.8718,21.180
"1,251",10/11/2025 6:42:00,8.8718,21.570
"1,252",10/11/2025 6:43:00,8.8698,21.953
"1,253",10/11/2025 6:44:00,8.8708,22.320
"1,254",10/11/2025 6:45:00,8.8698,22.680
"1,255",10/11/2025 6:46:00,8.8698,23.039
"1,256",10/11/2025 6:47:00,8.8688,23.367
"1,257",10/11/2025 6:48:00,8.8688,23.742
"1,258",10/11/2025 6:49:00,8.8677,24.102
"1,259",10/11/2025 6:50:00,8.8677,24.461
"1,260",10/11/2025 6:51:00,8.8667,24.805
"1,261",10/11/2025 6:52:00,8.8677,25.094
"1,262",10/11/2025 6:53:00,8.8677,25.297
"1,263",10/11/2025 6:54:00,8.8667,25.516
"1,264",10/11/2025 6:55:00,8.8677,25.719
"1,265",10/11/2025 6:56:00,8.8667,26.000
"1,266",10/11/2025 6:57:00,8.8657,26.266
"1,267",10/11/2025 6:58:00,8.8647,26.547
"1,268",10/11/2025 6:59:00,8.8657,26.750
"1,269",10/11/2025 7:00:00,8.8657,26.945
"1,270",10/11/2025 7:01:00,8.8677,27.047
"1,271",10/11/2025 7:02:00,8.8677,26.906
"1,272",10/11/2025 7:03:00,8.8647,27.016
"1,273",10/11/2025 7:04:00,8.8657,27.188
"1,274",10/11/2025 7:05:00,8.8657,27.336
"1,275",10/11/2025 7:06:00,8.8667,27.438
"1,276",10/11/2025 7:07:00,8.8657,27.516
"1,277",10/11/2025 7:08:00,8.8677,27.609
"1,278",10/11/2025 7:09:00,8.8667,27.750
"1,279",10/11/2025 7:10:00,8.8657,27.961
"1,280",10/11/2025 7:11:00,8.8637,28.281
"1,281",10/11/2025 7:12:00,8.8647,28.617
"1,282",10/11/2025 7:13:00,8.8657,28.758
"1,283",10/11/2025 7:14:00,8.8647,28.875
"1,284",10/11/2025 7:15:00,8.8637,29.133
"1,285",10/11/2025 7:16:00,8.8626,29.422
"1,286",10/11/2025 7:17:00,8.8626,29.664
"1,287",10/11/2025 7:18:00,8.8606,29.961
"1,288",10/11/2025 7:19:00,8.8626,30.109
"1,289",10/11/2025 7:20:00,8.8637,30.102
"1,290",10/11/2025 7:21:00,8.8626,30.039
"1,291",10/11/2025 7:22:00,8.8626,29.961
"1,292",10/11/2025 7:23:00,8.8647,30.000
"1,293",10/11/2025 7:24:00,8.8616,30.109
"1,294",10/11/2025 7:25:00,8.8616,30.242
"1,295",10/11/2025 7:26:00,8.8606,30.469
"1,296",10/11/2025 7:27:00,8.8616,30.633
"1,297",10/11/2025 7:28:00,8.8616,30.758
"1,298",10/11/2025 7:29:00,8.8616,30.945
"1,299",10/11/2025 7:30:00,8.8596,31.172
"1,300",10/11/2025 7:31:00,8.8565,31.492
"1,301",10/11/2025 7:32:00,8.8596,31.641
"1,302",10/11/2025 7:33:00,8.8596,31.695
"1,303",10/11/2025 7:34:00,8.8596,31.836
"1,304",10/11/2025 7:35:00,8.8575,32.094
"1,305",10/11/2025 7:36:00,8.8555,32.516
"1,306",10/11/2025 7:37:00,8.8555,33.039
"1,307",10/11/2025 7:38:00,8.8555,33.586
"1,308",10/11/2025 7:39:00,8.8555,34.055
"1,309",10/11/2025 7:40:00,8.8555,34.430
"1,310",10/11/2025 7:41:00,8.8535,34.820
"1,311",10/11/2025 7:42:00,8.8555,35.086
"1,312",10/11/2025 7:43:00,8.8575,35.148
"1,313",10/11/2025 7:44:00,8.8586,34.953
"1,314",10/11/2025 7:45:00,8.8586,34.484
"1,315",10/11/2025 7:46:00,8.8596,33.953
"1,316",10/11/2025 7:47:00,8.8606,33.516
"1,317",10/11/2025 7:48:00,8.8606,33.172
"1,318",10/11/2025 7:49:00,8.8596,32.922
"1,319",10/11/2025 7:50:00,8.8596,32.734
"1,320",10/11/2025 7:51:00,8.8606,32.492
"1,321",10/11/2025 7:52:00,8.8606,32.195
"1,322",10/11/2025 7:53:00,8.8606,31.820
"1,323",10/11/2025 7:54:00,8.8616,31.516
"1,324",10/11/2025 7:55:00,8.8626,31.242
"1,325",10/11/2025 7:56:00,8.8616,31.055
"1,326",10/11/2025 7:57:00,8.8616,31.039
"1,327",10/11/2025 7:58:00,8.8606,31.227
"1,328",10/11/2025 7:59:00,8.8596,31.445
"1,329",10/11/2025 8:00:00,8.8586,31.664
"1,330",10/11/2025 8:01:00,8.8575,31.867
"1,331",10/11/2025 8:02:00,8.8586,32.102
"1,332",10/11/2025 8:03:00,8.8586,31.992
"1,333",10/11/2025 8:04:00,8.8596,31.938
"1,334",10/11/2025 8:05:00,8.8596,31.844
"1,335",10/11/2025 8:06:00,8.8586,31.766
"1,336",10/11/2025 8:07:00,8.8606,31.734
"1,337",10/11/2025 8:08:00,8.8596,31.656
"1,338",10/11/2025 8:09:00,8.8586,31.586
"1,339",10/11/2025 8:10:00,8.8586,31.703
"1,340",10/11/2025 8:11:00,8.8596,31.680
"1,341",10/11/2025 8:12:00,8.8586,31.734
"1,342",10/11/2025 8:13:00,8.8586,31.820
"1,343",10/11/2025 8:14:00,8.8586,31.883
"1,344",10/11/2025 8:15:00,8.8596,31.984
"1,345",10/11/2025 8:16:00,8.8586,31.984
"1,346",10/11/2025 8:17:00,8.8575,32.086
"1,347",10/11/2025 8:18:00,8.8555,32.281
"1,348",10/11/2025 8:19:00,8.8565,32.516
"1,349",10/11/2025 8:20:00,8.8555,32.867
"1,350",10/11/2025 8:21:00,8.8555,33.063
"1,351",10/11/2025 8:22:00,8.8535,33.188
"1,352",10/11/2025 8:23:00,8.8545,33.320
"1,353",10/11/2025 8:24:00,8.8545,33.555
"1,354",10/11/2025 8:25:00,8.8545,33.852
"1,355",10/11/2025 8:26:00,8.8555,34.055
"1,356",10/11/2025 8:27:00,8.8545,34.289
"1,357",10/11/2025 8:28:00,8.8545,34.500
"1,358",10/11/2025 8:29:00,8.8565,34.500
"1,359",10/11/2025 8:30:00,8.8565,34.367
"1,360",10/11/2025 8:31:00,8.8565,34.211
"1,361",10/11/2025 8:32:00,8.8555,33.977
"1,362",10/11/2025 8:33:00,8.8555,33.750
"1,363",10/11/2025 8:34:00,8.8565,33.656
"1,364",10/11/2025 8:35:00,8.8555,33.750
"1,365",10/11/2025 8:36:00,8.8555,33.859
"1,366",10/11/2025 8:37:00,8.8575,33.805
"1,367",10/11/2025 8:38:00,8.8565,33.734
"1,368",10/11/2025 8:39:00,8.8565,33.719
"1,369",10/11/2025 8:40:00,8.8606,33.570
"1,370",10/11/2025 8:41:00,8.8596,33.227
"1,371",10/11/2025 8:42:00,8.8586,33.102
"1,372",10/11/2025 8:43:00,8.8555,33.125
"1,373",10/11/2025 8:44:00,8.8586,33.195
"1,374",10/11/2025 8:45:00,8.8575,33.266
"1,375",10/11/2025 8:46:00,8.8555,33.648
"1,376",10/11/2025 8:47:00,8.8575,33.867
"1,377",10/11/2025 8:48:00,8.8545,34.094
"1,378",10/11/2025 8:49:00,8.8524,34.359
"1,379",10/11/2025 8:50:00,8.8514,34.938
"1,380",10/11/2025 8:51:00,8.8565,34.984
"1,381",10/11/2025 8:52:00,8.8555,34.945
"1,382",10/11/2025 8:53:00,8.8545,34.844
"1,383",10/11/2025 8:54:00,8.8555,34.609
"1,384",10/11/2025 8:55:00,8.8565,34.539
"1,385",10/11/2025 8:56:00,8.8555,34.422
"1,386",10/11/2025 8:57:00,8.8575,34.281
"1,387",10/11/2025 8:58:00,8.8575,34.031
"1,388",10/11/2025 8:59:00,8.8555,33.992
"1,389",10/11/2025 9:00:00,8.8545,34.242
"1,390",10/11/2025 9:01:00,8.8524,34.648
"1,391",10/11/2025 9:02:00,8.8514,35.281
"1,392",10/11/2025 9:03:00,8.8555,35.695
"1,393",10/11/2025 9:04:00,8.8545,35.680
"1,394",10/11/2025 9:05:00,8.8545,35.492
"1,395",10/11/2025 9:06:00,8.8545,35.320
"1,396",10/11/2025 9:07:00,8.8545,35.430
"1,397",10/11/2025 9:08:00,8.8504,35.836
"1,398",10/11/2025 9:09:00,8.8535,36.203
"1,399",10/11/2025 9:10:00,8.8555,36.148
"1,400",10/11/2025 9:11:00,8.8555,36.070
"1,401",10/11/2025 9:12:00,8.8535,35.992
"1,402",10/11/2025 9:13:00,8.8535,35.977
"1,403",10/11/2025 9:14:00,8.8524,35.883
"1,404",10/11/2025 9:15:00,8.8535,35.859
"1,405",10/11/2025 9:16:00,8.8514,35.969
"1,406",10/11/2025 9:17:00,8.8524,36.156
"1,407",10/11/2025 9:18:00,8.8524,36.422
"1,408",10/11/2025 9:19:00,8.8494,36.859
"1,409",10/11/2025 9:20:00,8.8494,37.117
"1,410",10/11/2025 9:21:00,8.8514,37.164
"1,411",10/11/2025 9:22:00,8.8514,37.383
"1,412",10/11/2025 9:23:00,8.8494,37.234
"1,413",10/11/2025 9:24:00,8.8504,37.016
"1,414",10/11/2025 9:25:00,8.8545,36.852
"1,415",10/11/2025 9:26:00,8.8504,36.680
"1,416",10/11/2025 9:27:00,8.8514,36.547
"1,417",10/11/2025 9:28:00,8.8514,36.148
"1,418",10/11/2025 9:29:00,8.8504,35.859
"1,419",10/11/2025 9:30:00,8.8514,35.539
"1,420",10/11/2025 9:31:00,8.8524,35.391
"1,421",10/11/2025 9:32:00,8.8514,35.367
"1,422",10/11/2025 9:33:00,8.8484,35.664
"1,423",10/11/2025 9:34:00,8.8474,36.063
"1,424",10/11/2025 9:35:00,8.8504,36.164
"1,425",10/11/2025 9:36:00,8.8474,36.172
"1,426",10/11/2025 9:37:00,8.8504,36.148
"1,427",10/11/2025 9:38:00,8.8494,36.242
"1,428",10/11/2025 9:39:00,8.8484,36.375
"1,429",10/11/2025 9:40:00,8.8484,36.617
"1,430",10/11/2025 9:41:00,8.8494,37.016
"1,431",10/11/2025 9:42:00,8.8463,37.117
"1,432",10/11/2025 9:43:00,8.8484,37.273
"1,433",10/11/2025 9:44:00,8.8484,37.156
"1,434",10/11/2025 9:45:00,8.8484,37.055
"1,435",10/11/2025 9:46:00,8.8474,36.891
"1,436",10/11/2025 9:47:00,8.8484,36.781
"1,437",10/11/2025 9:48:00,8.8494,36.820
"1,438",10/11/2025 9:49:00,8.8504,36.695
"1,439",10/11/2025 9:50:00,8.8484,36.656
"1,440",10/11/2025 9:51:00,8.8504,36.586
"1,441",10/11/2025 9:52:00,8.8494,36.500
"1,442",10/11/2025 9:53:00,8.8514,36.391
"1,443",10/11/2025 9:54:00,8.8504,36.406
"1,444",10/11/2025 9:55:00,8.8494,36.477
"1,445",10/11/2025 9:56:00,8.8474,36.844
"1,446",10/11/2025 9:57:00,8.8453,37.297
"1,447",10/11/2025 9:58:00,8.8463,37.461
"1,448",10/11/2025 9:59:00,8.8433,37.711
"1,449",10/11/2025 10:00:00,8.8463,37.719
"1,450",10/11/2025 10:01:00,8.8463,37.602
"1,451",10/11/2025 10:02:00,8.8474,37.266
"1,452",10/11/2025 10:03:00,8.8484,37.023
"1,453",10/11/2025 10:04:00,8.8484,36.859
"1,454",10/11/2025 10:05:00,8.8474,36.656
"1,455",10/11/2025 10:06:00,8.8504,36.266
"1,456",10/11/2025 10:07:00,8.8494,35.961
"1,457",10/11/2025 10:08:00,8.8494,35.703
"1,458",10/11/2025 10:09:00,8.8484,35.500
"1,459",10/11/2025 10:10:00,8.8494,35.383
"1,460",10/11/2025 10:11:00,8.8494,35.281
"1,461",10/11/2025 10:12:00,8.8474,35.195
"1,462",10/11/2025 10:13:00,8.8474,35.516
"1,463",10/11/2025 10:14:00,8.8433,36.148
"1,464",10/11/2025 10:15:00,8.8433,36.805
"1,465",10/11/2025 10:16:00,8.8443,37.180
"1,466",10/11/2025 10:17:00,8.8423,37.516
"1,467",10/11/2025 10:18:00,8.8412,37.758
"1,468",10/11/2025 10:19:00,8.8423,38.195
"1,469",10/11/2025 10:20:00,8.8423,38.547
"1,470",10/11/2025 10:21:00,8.8423,38.984
"1,471",10/11/2025 10:22:00,8.8453,39.031
"1,472",10/11/2025 10:23:00,8.8423,38.930
"1,473",10/11/2025 10:24:00,8.8443,38.625
"1,474",10/11/2025 10:25:00,8.8433,38.172
"1,475",10/11/2025 10:26:00,8.8453,37.836
"1,476",10/11/2025 10:27:00,8.8453,37.586
"1,477",10/11/2025 10:28:00,8.8443,37.297
"1,478",10/11/2025 10:29:00,8.8453,36.953
"1,479",10/11/2025 10:30:00,8.8463,36.641
"1,480",10/11/2025 10:31:00,8.8453,36.555
"1,481",10/11/2025 10:32:00,8.8453,36.625
"1,482",10/11/2025 10:33:00,8.8453,36.703
"1,483",10/11/2025 10:34:00,8.8453,36.617
"1,484",10/11/2025 10:35:00,8.8453,36.453
"1,485",10/11/2025 10:36:00,8.8463,36.180
"1,486",10/11/2025 10:37:00,8.8443,35.883
"1,487",10/11/2025 10:38:00,8.8453,35.523
"1,488",10/11/2025 10:39:00,8.8453,35.250
"1,489",10/11/2025 10:40:00,8.8463,35.094
"1,490",10/11/2025 10:41:00,8.8474,35.023
"1,491",10/11/2025 10:42:00,8.8474,34.969
"1,492",10/11/2025 10:43:00,8.8463,34.984
"1,493",10/11/2025 10:44:00,8.8453,34.969
"1,494",10/11/2025 10:45:00,8.8474,34.969
"1,495",10/11/2025 10:46:00,8.8463,34.922
"1,496",10/11/2025 10:47:00,8.8453,34.898
"1,497",10/11/2025 10:48:00,8.8443,34.969
"1,498",10/11/2025 10:49:00,8.8443,35.078
"1,499",10/11/2025 10:50:00,8.8463,35.102
"1,500",10/11/2025 10:51:00,8.8453,35.063
"1,501",10/11/2025 10:52:00,8.8433,35.070
"1,502",10/11/2025 10:53:00,8.8453,35.086
"1,503",10/11/2025 10:54:00,8.8433,35.156
"1,504",10/11/2025 10:55:00,8.8453,35.078
"1,505",10/11/2025 10:56:00,8.8433,34.961
"1,506",10/11/2025 10:57:00,8.8423,35.016
"1,507",10/11/2025 10:58:00,8.8423,35.195
"1,508",10/11/2025 10:59:00,8.8423,35.398
"1,509",10/11/2025 11:00:00,8.8423,35.688
"1,510",10/11/2025 11:01:00,8.8412,35.992
"1,511",10/11/2025 11:02:00,8.8412,36.227
"1,512",10/11/2025 11:03:00,8.8402,36.328
"1,513",10/11/2025 11:04:00,8.8412,36.297
"1,514",10/11/2025 11:05:00,8.8433,36.195
"1,515",10/11/2025 11:06:00,8.8402,36.281
"1,516",10/11/2025 11:07:00,8.8402,36.383
"1,517",10/11/2025 11:08:00,8.8402,36.383
"1,518",10/11/2025 11:09:00,8.8433,36.406
"1,519",10/11/2025 11:10:00,8.8443,36.266
"1,520",10/11/2025 11:11:00,8.8433,36.047
"1,521",10/11/2025 11:12:00,8.8412,35.898
"1,522",10/11/2025 11:13:00,8.8443,35.805
"1,523",10/11/2025 11:14:00,8.8423,35.688
"1,524",10/11/2025 11:15:00,8.8412,35.602
"1,525",10/11/2025 11:16:00,8.8423,35.500
"1,526",10/11/2025 11:17:00,8.8433,35.406
"1,527",10/11/2025 11:18:00,8.8433,35.422
"1,528",10/11/2025 11:19:00,8.8412,35.469
"1,529",10/11/2025 11:20:00,8.8433,35.398
"1,530",10/11/2025 11:21:00,8.8402,35.422
"1,531",10/11/2025 11:22:00,8.8412,35.469
"1,532",10/11/2025 11:23:00,8.8412,35.547
"1,533",10/11/2025 11:24:00,8.8412,35.531
"1,534",10/11/2025 11:25:00,8.8412,35.492
"1,535",10/11/2025 11:26:00,8.8402,35.414
"1,536",10/11/2025 11:27:00,8.8402,35.320
"1,537",10/11/2025 11:28:00,8.8423,35.203
"1,538",10/11/2025 11:29:00,8.8443,35.102
"1,539",10/11/2025 11:30:00,8.8463,35.055
"1,540",10/11/2025 11:31:00,8.8443,34.984
"1,541",10/11/2025 11:32:00,8.8433,34.938
"1,542",10/11/2025 11:33:00,8.8443,34.914
"1,543",10/11/2025 11:34:00,8.8433,34.875
"1,544",10/11/2025 11:35:00,8.8433,34.852
"1,545",10/11/2025 11:36:00,8.8433,34.859
"1,546",10/11/2025 11:37:00,8.8423,34.859
"1,547",10/11/2025 11:38:00,8.8433,34.859
"1,548",10/11/2025 11:39:00,8.8433,34.875
"1,549",10/11/2025 11:40:00,8.8433,34.891
"1,550",10/11/2025 11:41:00,8.8423,34.906
"1,551",10/11/2025 11:42:00,8.8423,34.922
"1,552",10/11/2025 11:43:00,8.8423,34.938
"1,553",10/11/2025 11:44:00,8.8402,34.969
"1,554",10/11/2025 11:45:00,8.8402,35.008
"1,555",10/11/2025 11:46:00,8.8423,35.055
"1,556",10/11/2025 11:47:00,8.8412,35.063
"1,557",10/11/2025 11:48:00,8.8423,35.047
"1,558",10/11/2025 11:49:00,8.8412,35.047
"1,559",10/11/2025 11:50:00,8.8412,35.078
"1,560",10/11/2025 11:51:00,8.8392,35.102
"1,561",10/11/2025 11:52:00,8.8412,35.133
"1,562",10/11/2025 11:53:00,8.8402,35.195
"1,563",10/11/2025 11:54:00,8.8392,35.242
"1,564",10/11/2025 11:55:00,8.8382,35.273
"1,565",10/11/2025 11:56:00,8.8392,35.297
"1,566",10/11/2025 11:57:00,8.8392,35.336
"1,567",10/11/2025 11:58:00,8.8382,35.375
"1,568",10/11/2025 11:59:00,8.8402,35.414
"1,569",10/11/2025 12:00:00,8.8382,35.469
"1,570",10/11/2025 12:01:00,8.8382,35.547
"1,571",10/11/2025 12:02:00,8.8382,35.617
"1,572",10/11/2025 12:03:00,8.8392,35.734
